key,prediction
AVRO-2171,2018-04-28 05:55:17.721175072+00:00
AVRO-2170,2018-04-23 03:37:11.231351008+00:00
AVRO-2169,2018-04-13 00:34:57.317990290+00:00
AVRO-2168,2018-04-16 07:37:30.594545256+00:00
AVRO-2167,2018-04-15 00:31:48.255853180+00:00
AVRO-2166,2018-04-15 00:17:26.703424939+00:00
AVRO-2165,2018-04-09 20:40:09.309824381+00:00
AVRO-2164,2018-04-04 14:33:05.499917690+00:00
AVRO-2163,2018-05-14 07:41:19.116002405+00:00
AVRO-2162,2018-04-23 05:17:47.044081943+00:00
AVRO-2161,2018-03-29 18:11:13.650600752+00:00
AVRO-2160,2018-04-12 16:10:25.770989416+00:00
AVRO-2159,2018-04-10 12:44:55.094301835+00:00
AVRO-2158,2018-03-12 01:07:56.957524804+00:00
AVRO-2157,2018-03-15 22:59:43.071699654+00:00
AVRO-2156,2018-03-21 15:52:29.612674487+00:00
AVRO-2155,2018-03-07 22:32:07.241621731+00:00
AVRO-2154,2018-04-04 07:07:07.925097601+00:00
AVRO-2153,2018-03-07 23:29:50.734936022+00:00
AVRO-2152,2018-03-07 05:16:35.142489110+00:00
AVRO-2151,2018-03-14 19:34:53.424713344+00:00
AVRO-2150,2018-11-16 17:47:21.505613218+00:00
AVRO-2149,2018-03-06 06:36:23.868928406+00:00
AVRO-2148,2018-03-21 16:16:26.618431731+00:00
AVRO-2147,2018-02-18 17:52:43.015685926+00:00
AVRO-2146,2018-03-17 06:38:15.214117986+00:00
AVRO-2145,2018-03-08 07:03:07.265486176+00:00
AVRO-2143,2018-02-19 08:51:29.647841126+00:00
AVRO-2142,2018-03-03 13:36:37.582963759+00:00
AVRO-2141,2018-02-10 18:57:23.705524804+00:00
AVRO-2140,2018-02-06 11:56:52.989449876+00:00
AVRO-2139,2018-03-12 02:50:30.336904294+00:00
AVRO-2138,2018-02-28 09:28:33.857198235+00:00
AVRO-2137,2018-02-27 17:43:11.083665612+00:00
AVRO-2136,2018-03-15 10:11:28.765112011+00:00
AVRO-2135,2018-02-26 08:48:03.923912678+00:00
AVRO-2134,2018-02-17 19:43:18.874314235+00:00
AVRO-2133,2018-02-05 14:23:26.611208308+00:00
AVRO-2132,2018-02-08 01:51:10.201560464+00:00
AVRO-2131,2018-02-16 19:34:18.039516233+00:00
AVRO-2130,2018-02-09 22:07:21.036816370+00:00
AVRO-2129,2018-01-16 04:52:57.496204707+00:00
AVRO-2128,2018-02-01 23:12:00.957103516+00:00
AVRO-2127,2018-01-29 05:54:19.531975292+00:00
AVRO-2126,2018-02-03 10:47:00.499912678+00:00
AVRO-2124,2018-01-18 08:05:43.915713344+00:00
AVRO-2123,2018-02-18 10:11:52.642112011+00:00
AVRO-2122,2018-01-13 00:29:09.786022468+00:00
AVRO-2121,2018-01-01 16:41:59.684977043+00:00
AVRO-2120,2017-12-19 23:25:59.198883612+00:00
AVRO-2119,2017-12-18 13:49:30.901467070+00:00
AVRO-2118,2017-12-15 21:43:24.019132342+00:00
AVRO-2117,2017-12-13 19:06:10.841513526+00:00
AVRO-2116,2018-01-12 06:54:44.948785134+00:00
AVRO-2115,2017-12-22 23:14:35.630133093+00:00
AVRO-2114,2017-12-22 14:54:21.151606435+00:00
AVRO-2113,2018-03-08 03:25:30.473802551+00:00
AVRO-2112,2018-02-12 23:01:12.543080893+00:00
AVRO-2111,2018-01-07 08:25:25.926781712+00:00
AVRO-2110,2017-12-19 17:05:15.516785334+00:00
AVRO-2109,2017-12-22 20:51:14.679031610+00:00
AVRO-2108,2017-12-25 03:27:33.857841882+00:00
AVRO-2107,2017-12-08 22:48:45.993382456+00:00
AVRO-2106,2017-11-21 09:45:28.335856505+00:00
AVRO-2105,2017-11-19 08:51:20.887920809+00:00
AVRO-2104,2017-11-20 20:27:37.277449780+00:00
AVRO-2103,2017-11-16 01:00:54.618713344+00:00
AVRO-2102,2018-01-03 10:27:41.974600978+00:00
AVRO-2101,2017-12-12 20:57:39.600654392+00:00
AVRO-2100,2017-11-22 23:21:35.383612387+00:00
AVRO-2099,2017-11-04 18:07:12.556793795+00:00
AVRO-2098,2017-10-21 12:59:21.617858386+00:00
AVRO-2097,2017-10-28 18:00:15.117569739+00:00
AVRO-2096,2017-11-30 20:16:42.945740147+00:00
AVRO-2095,2017-10-29 02:29:13.026789840+00:00
AVRO-2094,2017-10-22 18:46:59.666558353+00:00
AVRO-2093,2017-10-22 18:46:07.493475327+00:00
AVRO-2092,2017-11-07 08:33:19.984698843+00:00
AVRO-2091,2017-11-07 08:32:45.137854336+00:00
AVRO-2090,2018-01-16 17:47:11.459844322+00:00
AVRO-2089,2017-10-22 00:29:45.484027334+00:00
AVRO-2088,2017-10-26 23:35:43.411485856+00:00
AVRO-2087,2017-10-07 22:09:23.642959028+00:00
AVRO-2086,2017-11-02 18:29:05.895504429+00:00
AVRO-2085,2017-10-31 00:00:20.261122206+00:00
AVRO-2084,2017-10-05 23:42:36.517093523+00:00
AVRO-2083,2017-10-09 08:52:29.140631209+00:00
AVRO-2082,2017-10-26 05:01:12.703912678+00:00
AVRO-2081,2018-03-17 11:35:41.764207757+00:00
AVRO-2080,2017-11-28 16:27:07.467304559+00:00
AVRO-2079,2017-12-19 22:53:37.800408578+00:00
AVRO-2078,2017-11-14 18:35:05.876878333+00:00
AVRO-2077,2017-11-24 19:58:42.492857764+00:00
AVRO-2076,2017-09-22 13:40:36.051135072+00:00
AVRO-2075,2018-02-22 08:54:56.761877203+00:00
AVRO-2074,2017-09-04 21:23:44.213950193+00:00
AVRO-2073,2017-09-07 17:20:14.308876594+00:00
AVRO-2072,2017-09-21 09:24:00.715848388+00:00
AVRO-2071,2017-09-06 22:03:29.318144882+00:00
AVRO-2070,2017-09-10 15:51:01.589994626+00:00
AVRO-2069,2017-11-24 01:35:59.234982196+00:00
AVRO-2068,2018-06-01 04:39:43.428106635+00:00
AVRO-2067,2018-01-16 16:46:55.642937241+00:00
AVRO-2066,2017-08-26 04:14:36.982579292+00:00
AVRO-2065,2017-10-03 10:54:25.110630131+00:00
AVRO-2064,2017-08-22 06:25:36.407713344+00:00
AVRO-2063,2017-08-17 15:55:42.572083409+00:00
AVRO-2062,2017-08-17 05:52:22.390368010+00:00
AVRO-2061,2017-09-07 02:13:23.578301220+00:00
AVRO-2060,2017-09-12 03:00:49.544433725+00:00
AVRO-2059,2017-08-18 18:03:05.419229180+00:00
AVRO-2058,2017-07-27 16:13:45.396628568+00:00
AVRO-2057,2018-02-21 22:15:23.258590586+00:00
AVRO-2056,2017-08-05 23:07:35.304345788+00:00
AVRO-2055,2017-09-13 19:37:58.465160622+00:00
AVRO-2054,2017-08-21 12:20:42.158222398+00:00
AVRO-2053,2017-09-13 19:01:08.965580797+00:00
AVRO-2052,2017-08-18 05:49:38.269743658+00:00
AVRO-2051,2017-07-20 23:46:53.374423569+00:00
AVRO-2050,2017-08-05 01:59:44.360990122+00:00
AVRO-2049,2017-08-20 15:28:23.412176638+00:00
AVRO-2048,2017-08-03 23:55:22.231268760+00:00
AVRO-2047,2017-09-09 15:30:41.290886929+00:00
AVRO-2046,2017-07-27 18:34:00.217323793+00:00
AVRO-2045,2017-07-28 14:54:23.261224822+00:00
AVRO-2044,2017-06-25 20:29:32.647475593+00:00
AVRO-2043,2017-08-16 20:21:09.637566362+00:00
AVRO-2042,2017-07-23 08:34:16.240027188+00:00
AVRO-2041,2017-12-07 08:08:29.743168843+00:00
AVRO-2040,2017-07-29 17:10:07.210914422+00:00
AVRO-2039,2017-08-05 07:41:54.321813026+00:00
AVRO-2038,2017-07-28 16:09:34.476509315+00:00
AVRO-2037,2017-05-27 06:09:55.481856294+00:00
AVRO-2036,2017-06-16 03:52:19.358591699+00:00
AVRO-2034,2017-06-08 15:07:34.166005666+00:00
AVRO-2033,2017-05-13 13:27:12.567210373+00:00
AVRO-2032,2017-06-04 03:58:41.799912678+00:00
AVRO-2031,2018-02-08 08:58:36.246106635+00:00
AVRO-2030,2017-05-04 08:57:18.048215502+00:00
AVRO-2029,2017-05-24 15:57:58.799912678+00:00
AVRO-2028,2017-06-25 21:34:01.354556394+00:00
AVRO-2027,2017-05-03 05:30:56.771408328+00:00
AVRO-2026,2017-04-18 13:26:25.363719400+00:00
AVRO-2025,2017-05-09 03:28:30.766786675+00:00
AVRO-2024,2017-04-21 09:35:52.017951245+00:00
AVRO-2023,2017-06-22 07:36:41.098406061+00:00
AVRO-2022,2017-04-13 17:34:58.830755813+00:00
AVRO-2021,2017-09-01 14:02:18.242463840+00:00
AVRO-2020,2017-07-13 04:13:59.048836939+00:00
AVRO-2019,2017-08-08 08:00:56.255918188+00:00
AVRO-2018,2017-06-03 20:26:25.889005851+00:00
AVRO-2017,2017-05-02 03:37:18.687869458+00:00
AVRO-2016,2017-04-17 08:44:38.720525698+00:00
AVRO-2014,2017-07-29 03:38:37.233212589+00:00
AVRO-2013,2017-05-08 15:37:13.989183177+00:00
AVRO-2012,2017-04-15 23:09:35.612770201+00:00
AVRO-2010,2017-04-16 22:30:03.281912678+00:00
AVRO-2009,2017-04-15 06:35:26.794912678+00:00
AVRO-2007,2017-03-19 21:01:17.136000946+00:00
AVRO-2006,2017-04-14 05:58:12.320100852+00:00
AVRO-2005,2017-03-27 11:10:59.295994626+00:00
AVRO-2004,2017-03-11 08:48:52.149275348+00:00
AVRO-2003,2017-12-07 07:38:30.102166862+00:00
AVRO-2002,2017-03-18 08:36:35.393867045+00:00
AVRO-2001,2017-04-02 17:38:35.102990251+00:00
AVRO-2000,2017-03-10 23:09:18.251912678+00:00
AVRO-1999,2017-02-19 09:35:29.262934621+00:00
AVRO-1998,2017-07-26 00:51:54.275758861+00:00
AVRO-1997,2017-10-02 19:15:34.453005827+00:00
AVRO-1996,2017-09-13 12:47:39.272018719+00:00
AVRO-1995,2017-02-15 12:19:38.012719327+00:00
AVRO-1994,2017-02-09 04:25:52.592025548+00:00
AVRO-1993,2017-02-04 14:50:28.124931855+00:00
AVRO-1992,2017-03-23 07:08:58.921763248+00:00
AVRO-1991,2017-06-28 20:41:12.315912988+00:00
AVRO-1990,2017-05-19 23:27:57.774467156+00:00
AVRO-1989,2017-04-05 17:59:05.228128099+00:00
AVRO-1988,2017-02-27 01:17:27.915446911+00:00
AVRO-1987,2017-02-05 15:42:48.481537440+00:00
AVRO-1986,2017-02-06 11:09:11.072708208+00:00
AVRO-1985,2017-03-19 04:25:21.327312741+00:00
AVRO-1982,2017-01-21 08:42:39.348398567+00:00
AVRO-1981,2017-05-24 07:58:31.487699034+00:00
AVRO-1980,2017-01-14 16:51:35.489194118+00:00
AVRO-1979,2017-03-28 00:01:35.918556405+00:00
AVRO-1978,2017-01-14 13:18:42.494913004+00:00
AVRO-1977,2017-01-08 10:18:56.108359902+00:00
AVRO-1976,2017-04-26 13:40:37.300314006+00:00
AVRO-1975,2017-01-23 17:39:33.317425564+00:00
AVRO-1974,2017-01-16 09:27:47.456997509+00:00
AVRO-1973,2017-01-28 07:09:55.084057242+00:00
AVRO-1972,2017-01-24 02:36:14.330299686+00:00
AVRO-1971,2017-05-04 21:08:05.357147529+00:00
AVRO-1970,2016-12-31 00:49:39.603258662+00:00
AVRO-1969,2017-03-26 08:39:42.638497387+00:00
AVRO-1968,2017-01-08 09:29:25.393696268+00:00
AVRO-1967,2017-05-03 09:25:23.143503498+00:00
AVRO-1966,2017-05-03 02:06:10.260862896+00:00
AVRO-1965,2017-02-08 00:57:54.275376561+00:00
AVRO-1964,2016-12-19 01:37:12.154892071+00:00
AVRO-1963,2017-06-05 04:03:54.197699364+00:00
AVRO-1962,2017-04-17 22:25:12.405424624+00:00
AVRO-1961,2016-12-30 13:22:34.404493409+00:00
AVRO-1960,2017-01-28 07:54:46.106809158+00:00
AVRO-1959,2016-12-12 16:29:43.410912678+00:00
AVRO-1958,2017-01-20 19:58:38.580666010+00:00
AVRO-1957,2017-12-28 05:58:41.810744659+00:00
AVRO-1956,2016-12-06 15:13:01.840421074+00:00
AVRO-1955,2016-12-08 23:00:08.533555213+00:00
AVRO-1954,2017-07-26 16:32:22.026022033+00:00
AVRO-1953,2016-12-07 11:29:08.224912678+00:00
AVRO-1952,2016-11-19 04:43:47.938213934+00:00
AVRO-1951,2016-11-19 01:11:38.111150443+00:00
AVRO-1950,2017-10-31 22:51:59.814719980+00:00
AVRO-1949,2016-11-18 13:20:53.652252650+00:00
AVRO-1948,2016-11-18 12:11:16.399969073+00:00
AVRO-1947,2016-11-17 17:10:03.136098981+00:00
AVRO-1946,2016-11-13 06:31:53.276581971+00:00
AVRO-1945,2016-11-26 18:25:58.664836638+00:00
AVRO-1944,2016-11-16 13:04:57.016322420+00:00
AVRO-1943,2016-10-29 01:55:12.398268195+00:00
AVRO-1942,2016-10-29 01:55:03.411238771+00:00
AVRO-1941,2016-11-02 00:22:45.931349406+00:00
AVRO-1940,2017-05-30 17:02:41.149996271+00:00
AVRO-1939,2017-03-30 14:27:16.875419975+00:00
AVRO-1938,2017-03-30 14:25:28.201261786+00:00
AVRO-1937,2017-01-21 02:51:53.715524523+00:00
AVRO-1936,2017-06-14 05:10:54.384153867+00:00
AVRO-1935,2017-01-17 11:43:41.596761162+00:00
AVRO-1934,2017-06-20 18:50:22.441989255+00:00
AVRO-1933,2017-09-07 18:35:09.829125883+00:00
AVRO-1932,2016-10-15 05:57:14.434735043+00:00
AVRO-1931,2017-08-08 14:59:49.290158703+00:00
AVRO-1930,2016-12-30 00:12:23.655786638+00:00
AVRO-1928,2017-01-08 01:59:28.210440424+00:00
AVRO-1927,2017-03-14 21:13:15.337022065+00:00
AVRO-1926,2016-10-14 22:25:45.312984888+00:00
AVRO-1925,2016-10-12 22:40:20.525920444+00:00
AVRO-1924,2016-11-10 16:16:34.530924993+00:00
AVRO-1923,2016-09-26 05:30:15.300113543+00:00
AVRO-1922,2016-11-07 14:59:50.320490612+00:00
AVRO-1921,2016-10-04 12:11:57.698131651+00:00
AVRO-1920,2016-09-21 12:57:21.805755414+00:00
AVRO-1919,2016-09-18 00:42:10.027723010+00:00
AVRO-1918,2017-01-07 09:18:13.252875477+00:00
AVRO-1917,2016-10-14 22:17:27.830101828+00:00
AVRO-1916,2016-10-04 09:34:41.489675354+00:00
AVRO-1915,2016-10-07 02:14:54.902012212+00:00
AVRO-1914,2016-09-19 20:30:01.313063996+00:00
AVRO-1913,2017-04-22 11:06:40.771716481+00:00
AVRO-1912,2016-11-23 14:53:25.977367903+00:00
AVRO-1911,2017-05-18 05:00:07.008707969+00:00
AVRO-1910,2016-10-05 12:44:04.104587825+00:00
AVRO-1909,2017-02-02 16:50:20.460936283+00:00
AVRO-1908,2016-09-16 03:57:52.500399353+00:00
AVRO-1907,2016-12-07 18:57:52.023834373+00:00
AVRO-1906,2017-01-10 00:14:16.079924930+00:00
AVRO-1905,2016-10-06 09:27:54.955690200+00:00
AVRO-1904,2017-01-09 19:36:35.715365473+00:00
AVRO-1903,2016-09-26 04:24:48.197763336+00:00
AVRO-1902,2017-01-09 07:38:33.427063034+00:00
AVRO-1901,2016-10-21 10:59:58.080867758+00:00
AVRO-1900,2016-09-11 15:31:52.413344942+00:00
AVRO-1899,2016-08-31 17:44:52.760994626+00:00
AVRO-1898,2017-01-18 07:19:06.332055287+00:00
AVRO-1897,2016-10-09 17:25:43.435730985+00:00
AVRO-1896,2016-08-08 14:59:46.623204707+00:00
AVRO-1895,2016-08-07 20:36:57.671627555+00:00
AVRO-1894,2016-08-07 23:36:52.879835433+00:00
AVRO-1893,2016-10-07 23:02:57.796630267+00:00
AVRO-1892,2016-09-01 18:48:47.805912678+00:00
AVRO-1891,2017-04-04 07:45:02.881499636+00:00
AVRO-1890,2016-08-12 20:26:10.828912525+00:00
AVRO-1889,2016-09-28 01:45:04.189008941+00:00
AVRO-1888,2016-08-17 14:29:56.368469917+00:00
AVRO-1887,2016-11-24 16:13:22.693492819+00:00
AVRO-1886,2016-11-28 20:09:19.831088865+00:00
AVRO-1885,2017-07-14 08:40:58.144206397+00:00
AVRO-1884,2016-09-03 04:07:07.188398311+00:00
AVRO-1882,2016-10-26 02:50:47.845969110+00:00
AVRO-1881,2016-12-07 23:58:58.786517544+00:00
AVRO-1880,2016-07-22 20:24:47.236994626+00:00
AVRO-1879,2016-08-23 15:21:38.017791139+00:00
AVRO-1878,2016-11-29 08:29:40.066284597+00:00
AVRO-1877,2016-08-20 20:34:38.691233789+00:00
AVRO-1876,2016-09-10 15:42:01.094940144+00:00
AVRO-1875,2016-07-17 16:36:55.061927760+00:00
AVRO-1874,2016-07-21 03:15:10.197217101+00:00
AVRO-1873,2016-07-06 23:24:51.450599453+00:00
AVRO-1871,2016-07-08 22:14:44.146908323+00:00
AVRO-1870,2016-07-05 06:45:37.137903731+00:00
AVRO-1869,2016-07-11 00:42:56.876347398+00:00
AVRO-1868,2017-02-09 01:18:59.178349234+00:00
AVRO-1867,2016-07-04 18:01:37.522256205+00:00
AVRO-1865,2016-12-12 04:44:07.823578303+00:00
AVRO-1864,2016-07-04 04:45:44.147918967+00:00
AVRO-1863,2016-07-28 21:20:35.889298245+00:00
AVRO-1862,2016-12-03 22:00:51.934398282+00:00
AVRO-1861,2016-09-09 12:50:36.462476895+00:00
AVRO-1860,2016-09-21 02:54:28.036188167+00:00
AVRO-1859,2016-07-04 09:45:28.965666658+00:00
AVRO-1858,2016-09-12 10:46:57.673402333+00:00
AVRO-1857,2017-04-24 10:19:47.070979611+00:00
AVRO-1856,2016-12-28 16:04:38.752486885+00:00
AVRO-1855,2016-11-13 16:07:41.079648414+00:00
AVRO-1854,2016-06-18 17:39:12.310199292+00:00
AVRO-1853,2016-08-14 13:12:57.028480806+00:00
AVRO-1852,2017-02-15 16:17:45.357139547+00:00
AVRO-1851,2016-06-06 22:44:28.805713344+00:00
AVRO-1850,2016-06-02 20:29:43.136280879+00:00
AVRO-1849,2016-08-11 20:45:12.882427849+00:00
AVRO-1848,2016-10-04 18:57:47.870596498+00:00
AVRO-1847,2016-10-18 19:15:31.566530215+00:00
AVRO-1846,2017-01-17 03:57:01.503805907+00:00
AVRO-1845,2016-06-23 16:05:38.621303429+00:00
AVRO-1844,2016-12-20 17:12:08.358529104+00:00
AVRO-1843,2016-06-14 22:38:06.439190340+00:00
AVRO-1842,2016-05-18 19:40:13.585476216+00:00
AVRO-1841,2016-05-13 22:27:46.395087509+00:00
AVRO-1840,2016-05-12 10:32:35.374568056+00:00
AVRO-1839,2016-05-10 13:19:29.589527470+00:00
AVRO-1838,2016-05-07 13:12:46.977408779+00:00
AVRO-1837,2017-03-30 18:25:36.847742123+00:00
AVRO-1836,2016-06-22 18:20:19.303389153+00:00
AVRO-1835,2016-05-02 06:52:18.874328513+00:00
AVRO-1834,2016-05-03 13:37:33.208835677+00:00
AVRO-1833,2016-05-08 04:13:26.182318857+00:00
AVRO-1832,2016-05-19 18:37:23.568670757+00:00
AVRO-1831,2017-01-10 19:29:01.704907302+00:00
AVRO-1830,2016-04-29 11:03:50.933478828+00:00
AVRO-1829,2016-05-04 17:27:19.635740312+00:00
AVRO-1828,2016-04-14 03:29:55.449181406+00:00
AVRO-1827,2017-01-01 16:32:14.544951071+00:00
AVRO-1826,2016-05-01 21:11:26.520440655+00:00
AVRO-1825,2016-04-13 11:13:19.371651862+00:00
AVRO-1824,2016-04-11 15:15:21.366188941+00:00
AVRO-1823,2016-05-05 20:31:31.835041990+00:00
AVRO-1822,2017-02-10 23:13:33.872794355+00:00
AVRO-1821,2017-05-19 09:05:33.629167691+00:00
AVRO-1820,2016-04-17 23:32:50.037622884+00:00
AVRO-1819,2016-08-13 22:38:12.393796883+00:00
AVRO-1818,2016-07-31 07:36:36.870010035+00:00
AVRO-1817,2016-06-03 04:50:23.539622006+00:00
AVRO-1816,2017-02-12 22:13:55.255190143+00:00
AVRO-1815,2017-10-27 04:47:33.025944826+00:00
AVRO-1814,2016-06-30 03:49:25.812569872+00:00
AVRO-1813,2017-02-10 01:19:26.150624984+00:00
AVRO-1811,2016-04-24 18:38:18.014724105+00:00
AVRO-1810,2016-10-14 00:54:40.650177987+00:00
AVRO-1809,2016-04-13 11:50:27.470421010+00:00
AVRO-1808,2016-08-29 12:16:39.670140168+00:00
AVRO-1807,2016-03-09 06:37:35.213513679+00:00
AVRO-1806,2016-04-02 11:32:56.289379316+00:00
AVRO-1805,2016-03-24 08:15:58.252441044+00:00
AVRO-1804,2016-03-28 04:48:32.848214694+00:00
AVRO-1803,2016-12-15 07:48:50.602155201+00:00
AVRO-1802,2016-03-22 07:20:02.327795203+00:00
AVRO-1801,2016-03-19 20:55:49.141912678+00:00
AVRO-1800,2016-02-25 22:24:36.677713344+00:00
AVRO-1799,2016-06-16 03:48:15.970073107+00:00
AVRO-1798,2016-03-09 19:38:06.714912678+00:00
AVRO-1797,2016-03-23 14:56:36.465642505+00:00
AVRO-1796,2016-03-09 06:02:55.025209536+00:00
AVRO-1795,2016-03-02 09:27:27.949909889+00:00
AVRO-1794,2016-03-03 22:25:06.589163427+00:00
AVRO-1793,2016-02-11 11:53:33.848543910+00:00
AVRO-1792,2016-02-16 09:15:47.129747686+00:00
AVRO-1791,2016-03-03 05:43:36.250986459+00:00
AVRO-1790,2016-02-12 00:05:13.363232492+00:00
AVRO-1789,2016-02-08 01:22:48.891460952+00:00
AVRO-1788,2016-09-06 02:49:24.373633285+00:00
AVRO-1787,2016-08-26 23:47:24.569620524+00:00
AVRO-1786,2016-10-18 19:48:10.704977267+00:00
AVRO-1785,2016-01-23 19:42:10.486838192+00:00
AVRO-1784,2016-03-22 04:54:38.645637411+00:00
AVRO-1783,2016-02-08 15:38:18.166542832+00:00
AVRO-1782,2016-09-14 18:40:20.038261713+00:00
AVRO-1780,2016-02-03 02:39:35.369585930+00:00
AVRO-1779,2016-02-01 12:20:12.374349812+00:00
AVRO-1778,2016-04-10 22:51:20.039255810+00:00
AVRO-1777,2016-03-10 19:21:07.827366997+00:00
AVRO-1776,2016-01-12 14:12:49.258080197+00:00
AVRO-1775,2016-09-08 15:10:31.798126491+00:00
AVRO-1774,2016-01-09 18:38:58.612059773+00:00
AVRO-1773,2015-12-29 19:16:51.161274631+00:00
AVRO-1772,2016-08-05 00:28:02.259875908+00:00
AVRO-1771,2016-10-02 13:10:04.576931452+00:00
AVRO-1770,2015-12-29 16:19:53.300579658+00:00
AVRO-1769,2016-02-12 16:41:01.395853808+00:00
AVRO-1768,2015-12-18 01:42:45.168389206+00:00
AVRO-1767,2015-12-29 05:04:39.043558031+00:00
AVRO-1766,2015-12-07 08:34:38.104429539+00:00
AVRO-1765,2015-12-25 05:53:24.453169075+00:00
AVRO-1764,2015-12-21 23:26:47.266902676+00:00
AVRO-1763,2015-12-09 19:48:55.267336865+00:00
AVRO-1762,2015-12-19 13:08:28.085818418+00:00
AVRO-1761,2015-11-29 17:06:09.872187322+00:00
AVRO-1759,2015-11-28 19:10:37.367805359+00:00
AVRO-1758,2016-02-27 01:55:04.948754604+00:00
AVRO-1757,2015-11-13 14:22:03.614876645+00:00
AVRO-1756,2015-12-10 17:08:26.162796362+00:00
AVRO-1755,2016-01-19 10:21:16.088419839+00:00
AVRO-1754,2015-12-22 21:14:06.533540066+00:00
AVRO-1753,2015-11-10 16:54:02.543697927+00:00
AVRO-1752,2017-01-10 19:14:58.539097585+00:00
AVRO-1751,2016-03-12 18:35:14.681034202+00:00
AVRO-1749,2016-11-13 04:38:44.442858821+00:00
AVRO-1748,2017-02-02 05:06:40.008721402+00:00
AVRO-1747,2015-12-09 18:37:22.744640989+00:00
AVRO-1746,2015-11-23 15:02:47.942991072+00:00
AVRO-1745,2015-11-06 23:36:40.534208029+00:00
AVRO-1744,2015-10-25 20:52:21.059426259+00:00
AVRO-1743,2015-11-26 10:06:21.843371456+00:00
AVRO-1742,2015-09-24 00:16:10.432318247+00:00
AVRO-1741,2016-08-04 09:45:35.956221404+00:00
AVRO-1740,2017-01-08 13:16:00.396379385+00:00
AVRO-1739,2016-01-24 16:19:14.910657980+00:00
AVRO-1738,2016-07-31 03:38:37.706508930+00:00
AVRO-1737,2015-10-09 19:50:16.883151886+00:00
AVRO-1736,2016-08-13 09:35:42.782122908+00:00
AVRO-1735,2016-08-13 09:35:34.325958703+00:00
AVRO-1734,2015-11-24 07:19:05.220151298+00:00
AVRO-1733,2016-08-13 09:34:39.702069561+00:00
AVRO-1732,2016-08-13 09:34:26.297555668+00:00
AVRO-1731,2016-08-13 09:34:15.889848133+00:00
AVRO-1730,2016-08-13 09:33:57.566592006+00:00
AVRO-1729,2016-08-13 09:32:39.653904323+00:00
AVRO-1728,2016-08-13 09:32:27.075606767+00:00
AVRO-1727,2015-10-18 05:43:48.245747961+00:00
AVRO-1726,2015-11-20 23:51:50.834945317+00:00
AVRO-1725,2015-12-25 12:36:12.687801880+00:00
AVRO-1724,2015-09-14 15:25:05.666438425+00:00
AVRO-1723,2017-03-13 19:25:52.780373304+00:00
AVRO-1722,2016-07-01 00:05:14.891771768+00:00
AVRO-1721,2016-11-28 14:00:30.792480311+00:00
AVRO-1720,2016-08-08 04:35:46.550003455+00:00
AVRO-1719,2017-01-13 19:39:41.345276862+00:00
AVRO-1718,2015-08-25 22:41:26.156994626+00:00
AVRO-1717,2015-10-10 10:50:01.173240477+00:00
AVRO-1716,2015-11-27 13:48:04.513599573+00:00
AVRO-1715,2015-11-02 23:48:09.683438556+00:00
AVRO-1714,2015-09-06 10:38:16.036912678+00:00
AVRO-1713,2015-09-12 04:14:24.754130283+00:00
AVRO-1712,2015-08-10 00:13:35.040204707+00:00
AVRO-1711,2016-08-05 16:34:26.645930183+00:00
AVRO-1710,2016-04-17 15:00:13.391083593+00:00
AVRO-1709,2015-12-09 03:10:28.759828622+00:00
AVRO-1708,2016-07-26 06:45:37.173542455+00:00
AVRO-1707,2016-08-12 03:30:25.664976623+00:00
AVRO-1706,2015-12-01 09:49:29.965983466+00:00
AVRO-1705,2015-11-22 09:12:09.250752856+00:00
AVRO-1704,2016-08-04 12:08:53.065854369+00:00
AVRO-1703,2015-12-04 04:37:06.452016959+00:00
AVRO-1702,2017-01-10 18:12:59.806203932+00:00
AVRO-1701,2016-01-13 10:06:04.717898929+00:00
AVRO-1700,2015-09-19 11:07:19.226413048+00:00
AVRO-1699,2015-08-07 23:45:08.692454612+00:00
AVRO-1698,2015-08-08 08:38:47.663829200+00:00
AVRO-1697,2015-11-29 16:34:50.595900698+00:00
AVRO-1696,2015-08-06 16:54:06.026013080+00:00
AVRO-1695,2016-03-15 19:52:42.682459275+00:00
AVRO-1694,2015-12-08 03:35:29.919693872+00:00
AVRO-1693,2015-11-29 06:36:24.254232644+00:00
AVRO-1692,2015-10-12 17:39:46.772543429+00:00
AVRO-1691,2016-01-01 06:56:31.622181840+00:00
AVRO-1690,2015-07-13 11:38:49.391439320+00:00
AVRO-1689,2015-10-07 02:07:23.203544467+00:00
AVRO-1688,2016-04-12 01:53:57.745735299+00:00
AVRO-1687,2015-07-24 02:45:21.840193219+00:00
AVRO-1686,2015-07-21 23:26:13.221759111+00:00
AVRO-1685,2015-10-11 01:57:07.569201877+00:00
AVRO-1683,2016-07-17 11:56:30.463859728+00:00
AVRO-1682,2015-06-29 14:25:25.721281562+00:00
AVRO-1681,2016-04-06 05:30:53.461168184+00:00
AVRO-1680,2016-08-04 18:41:27.322744099+00:00
AVRO-1679,2015-06-11 07:00:33.263173536+00:00
AVRO-1678,2015-11-05 10:29:14.416057387+00:00
AVRO-1677,2015-07-04 16:29:47.654912678+00:00
AVRO-1676,2015-10-10 05:49:08.634618346+00:00
AVRO-1675,2015-07-02 10:05:01.275575552+00:00
AVRO-1674,2015-07-26 15:59:40.765606615+00:00
AVRO-1672,2016-06-15 18:42:00.130634265+00:00
AVRO-1671,2015-05-30 10:13:03.704755508+00:00
AVRO-1670,2016-10-22 08:12:38.632317857+00:00
AVRO-1669,2015-06-10 07:02:29.537609247+00:00
AVRO-1668,2015-05-21 18:01:42.647882559+00:00
AVRO-1667,2016-11-07 23:59:36.301006055+00:00
AVRO-1666,2015-05-31 03:15:07.816344612+00:00
AVRO-1665,2015-05-06 12:13:49.532538150+00:00
AVRO-1664,2016-08-02 08:58:17.220818290+00:00
AVRO-1663,2015-12-29 07:18:52.662537730+00:00
AVRO-1662,2015-04-24 09:48:57.006994626+00:00
AVRO-1661,2015-04-19 08:19:02.790144720+00:00
AVRO-1660,2015-05-05 02:19:38.599028183+00:00
AVRO-1659,2015-04-23 04:46:52.812128658+00:00
AVRO-1658,2016-07-18 17:40:00.371878627+00:00
AVRO-1657,2015-05-02 20:24:01.997544962+00:00
AVRO-1656,2016-07-09 00:49:26.955593964+00:00
AVRO-1655,2015-08-04 03:39:21.092293816+00:00
AVRO-1654,2015-05-15 01:05:48.807401778+00:00
AVRO-1653,2015-08-30 03:33:35.076520854+00:00
AVRO-1652,2015-12-12 19:54:35.083686976+00:00
AVRO-1651,2015-04-30 05:30:39.734302073+00:00
AVRO-1650,2015-05-23 21:50:22.813578931+00:00
AVRO-1649,2015-08-28 09:04:44.309721917+00:00
AVRO-1648,2015-05-11 02:06:24.366445964+00:00
AVRO-1647,2015-08-25 08:06:58.765461319+00:00
AVRO-1646,2015-04-12 15:58:59.481926269+00:00
AVRO-1645,2015-09-28 04:03:49.546594937+00:00
AVRO-1644,2015-03-18 19:25:16.770623896+00:00
AVRO-1643,2015-06-04 05:04:17.035646766+00:00
AVRO-1642,2016-07-15 13:39:20.015020017+00:00
AVRO-1641,2016-03-15 15:48:31.215346100+00:00
AVRO-1640,2016-05-10 17:38:44.562722201+00:00
AVRO-1639,2015-03-18 00:32:25.963912678+00:00
AVRO-1638,2015-03-12 15:41:09.279551954+00:00
AVRO-1637,2015-03-25 14:29:25.187325449+00:00
AVRO-1636,2015-05-30 15:35:25.576504782+00:00
AVRO-1635,2016-08-03 14:15:34.760099233+00:00
AVRO-1634,2015-01-21 18:24:30.655504583+00:00
AVRO-1633,2015-07-20 18:40:19.177539956+00:00
AVRO-1632,2015-02-08 16:29:26.491999933+00:00
AVRO-1631,2015-01-18 06:04:04.666204707+00:00
AVRO-1630,2015-06-30 04:23:28.771713171+00:00
AVRO-1629,2015-01-28 07:28:56.478713344+00:00
AVRO-1628,2015-09-24 11:22:19.720209746+00:00
AVRO-1627,2015-02-02 06:27:40.244939373+00:00
AVRO-1625,2015-05-26 06:33:52.031539918+00:00
AVRO-1624,2015-06-17 07:29:40.728600634+00:00
AVRO-1623,2015-08-01 01:06:55.800810750+00:00
AVRO-1622,2016-03-26 15:32:30.218944296+00:00
AVRO-1621,2015-07-01 15:17:09.036028049+00:00
AVRO-1620,2014-12-23 14:18:04.168857832+00:00
AVRO-1619,2015-06-30 12:46:13.149091320+00:00
AVRO-1618,2015-08-14 00:13:01.041458726+00:00
AVRO-1617,2015-07-29 07:04:42.973489418+00:00
AVRO-1616,2015-07-27 05:18:23.745588039+00:00
AVRO-1614,2015-12-18 16:34:24.947682141+00:00
AVRO-1613,2015-02-06 23:04:20.125616476+00:00
AVRO-1612,2014-12-10 02:38:48.404713344+00:00
AVRO-1611,2014-11-29 16:00:09.475128089+00:00
AVRO-1610,2015-10-06 02:13:35.483495569+00:00
AVRO-1609,2015-01-14 02:00:52.382218917+00:00
AVRO-1608,2016-04-07 07:31:31.047726156+00:00
AVRO-1607,2015-08-26 18:13:48.371509920+00:00
AVRO-1606,2016-01-20 23:29:28.694859735+00:00
AVRO-1605,2016-07-27 01:14:51.993942947+00:00
AVRO-1604,2015-06-12 14:00:15.046570180+00:00
AVRO-1603,2016-05-01 23:58:14.947153844+00:00
AVRO-1602,2015-12-14 13:21:36.264998281+00:00
AVRO-1601,2014-11-11 21:22:39.962720275+00:00
AVRO-1600,2014-11-08 09:17:38.521809902+00:00
AVRO-1599,2014-11-09 09:45:27.975486730+00:00
AVRO-1598,2015-06-06 03:39:47.512245070+00:00
AVRO-1597,2016-04-29 22:11:55.846635998+00:00
AVRO-1596,2015-06-06 20:43:41.389789467+00:00
AVRO-1595,2014-10-17 02:26:12.544204707+00:00
AVRO-1594,2014-11-10 05:43:02.112073534+00:00
AVRO-1593,2015-07-10 19:09:29.644683331+00:00
AVRO-1592,2015-05-14 07:12:27.846294277+00:00
AVRO-1591,2015-04-26 07:27:42.419993069+00:00
AVRO-1590,2015-05-16 07:15:04.140044135+00:00
AVRO-1589,2015-05-16 05:53:58.210299130+00:00
AVRO-1588,2014-10-12 16:18:35.029732496+00:00
AVRO-1587,2014-09-26 00:27:36.719935429+00:00
AVRO-1586,2015-05-24 09:48:04.974573694+00:00
AVRO-1585,2015-07-16 16:14:35.527233163+00:00
AVRO-1584,2015-11-22 11:24:34.051926388+00:00
AVRO-1583,2015-06-25 13:53:22.328521999+00:00
AVRO-1582,2016-10-10 20:59:14.265492224+00:00
AVRO-1581,2016-07-16 10:17:11.745672530+00:00
AVRO-1580,2017-01-27 02:32:20.109493988+00:00
AVRO-1579,2015-01-13 11:31:27.161046490+00:00
AVRO-1578,2015-01-26 18:28:47.117235029+00:00
AVRO-1577,2015-09-24 03:07:30.894951054+00:00
AVRO-1576,2015-09-30 09:46:52.954605122+00:00
AVRO-1575,2016-10-10 04:47:24.456246741+00:00
AVRO-1574,2016-11-12 08:11:06.173083056+00:00
AVRO-1573,2015-06-18 20:03:58.498763960+00:00
AVRO-1572,2015-07-29 05:49:45.521503328+00:00
AVRO-1571,2016-02-13 02:21:15.862182740+00:00
AVRO-1570,2016-03-01 07:41:04.446556275+00:00
AVRO-1569,2016-03-01 07:39:12.759259881+00:00
AVRO-1568,2016-03-18 23:50:24.432605721+00:00
AVRO-1567,2014-10-04 22:41:04.607354933+00:00
AVRO-1566,2014-08-16 07:42:04.487443790+00:00
AVRO-1565,2015-07-08 08:08:22.731857999+00:00
AVRO-1564,2015-05-09 15:45:41.430238503+00:00
AVRO-1563,2014-08-24 20:38:26.937724139+00:00
AVRO-1562,2015-07-13 09:11:28.054659027+00:00
AVRO-1561,2015-07-01 03:41:20.407311624+00:00
AVRO-1560,2016-01-09 23:26:58.139475983+00:00
AVRO-1558,2014-10-28 13:05:50.257836552+00:00
AVRO-1557,2014-08-12 02:06:20.930640881+00:00
AVRO-1556,2015-12-12 01:51:40.450753005+00:00
AVRO-1555,2015-04-15 12:37:56.376575185+00:00
AVRO-1554,2015-10-29 18:46:45.946109584+00:00
AVRO-1553,2015-04-25 03:28:57.975444833+00:00
AVRO-1552,2014-08-13 14:00:17.027415654+00:00
AVRO-1551,2015-05-08 09:11:36.622563103+00:00
AVRO-1550,2015-09-30 18:46:20.828248174+00:00
AVRO-1549,2014-08-06 04:27:00.086713344+00:00
AVRO-1548,2014-08-27 17:47:50.462126027+00:00
AVRO-1547,2015-10-24 05:33:54.310001932+00:00
AVRO-1546,2014-07-28 09:16:29.902365566+00:00
AVRO-1545,2015-07-11 05:34:45.211039278+00:00
AVRO-1544,2015-04-06 19:24:39.546391621+00:00
AVRO-1543,2014-08-10 21:52:10.373912678+00:00
AVRO-1542,2016-06-11 19:30:18.242344522+00:00
AVRO-1541,2014-07-13 07:52:16.430485990+00:00
AVRO-1540,2014-08-31 19:44:40.374982439+00:00
AVRO-1539,2015-06-10 13:35:42.997718337+00:00
AVRO-1538,2014-08-06 10:57:51.201299374+00:00
AVRO-1537,2015-06-27 01:45:27.903803039+00:00
AVRO-1536,2014-08-17 16:53:53.351912034+00:00
AVRO-1535,2014-07-22 03:30:44.188816850+00:00
AVRO-1534,2014-07-07 05:26:41.066135182+00:00
AVRO-1533,2014-07-16 03:26:22.551501601+00:00
AVRO-1532,2014-07-13 23:42:12.664285745+00:00
AVRO-1531,2014-10-21 20:58:15.286205946+00:00
AVRO-1530,2015-03-01 13:30:16.566265196+00:00
AVRO-1529,2014-12-26 00:16:28.101473002+00:00
AVRO-1528,2015-06-27 17:49:28.700958165+00:00
AVRO-1527,2016-01-14 05:31:58.673483461+00:00
AVRO-1526,2014-07-04 11:39:28.699986828+00:00
AVRO-1525,2014-06-25 15:23:01.362602584+00:00
AVRO-1524,2014-10-06 19:55:54.683040532+00:00
AVRO-1523,2016-01-14 22:11:47.393306424+00:00
AVRO-1522,2014-06-07 07:34:47.671449241+00:00
AVRO-1521,2015-03-27 21:21:01.927783442+00:00
AVRO-1520,2014-11-28 10:01:22.475439852+00:00
AVRO-1519,2014-05-30 00:10:37.783204707+00:00
AVRO-1518,2015-11-23 12:35:28.026366551+00:00
AVRO-1517,2015-12-24 17:26:18.599458368+00:00
AVRO-1516,2015-12-18 16:33:12.195332606+00:00
AVRO-1515,2014-07-06 00:54:46.589208856+00:00
AVRO-1514,2015-04-26 07:16:04.172138688+00:00
AVRO-1513,2014-08-06 05:47:47.321775055+00:00
AVRO-1512,2014-05-24 13:59:05.340749840+00:00
AVRO-1511,2014-10-21 01:12:09.858064484+00:00
AVRO-1510,2014-06-05 03:41:34.967018527+00:00
AVRO-1509,2014-05-26 23:30:09.304389428+00:00
AVRO-1508,2014-06-11 19:49:13.765912678+00:00
AVRO-1507,2014-06-11 05:31:20.036912678+00:00
AVRO-1506,2014-05-15 13:17:44.857827330+00:00
AVRO-1505,2015-12-21 08:43:11.652994742+00:00
AVRO-1504,2014-09-13 05:53:04.651694787+00:00
AVRO-1503,2014-05-15 18:36:34.137836375+00:00
AVRO-1502,2015-11-13 23:17:40.783815338+00:00
AVRO-1501,2014-07-04 10:09:43.381791240+00:00
AVRO-1500,2014-06-13 21:45:06.781674306+00:00
AVRO-1499,2014-06-11 11:30:55.490501072+00:00
AVRO-1498,2014-06-19 21:08:22.431637812+00:00
AVRO-1497,2016-02-16 14:30:20.369044282+00:00
AVRO-1496,2014-05-01 04:39:56.555525510+00:00
AVRO-1495,2014-04-30 11:20:09.545627233+00:00
AVRO-1494,2014-05-09 11:45:50.736912678+00:00
AVRO-1493,2016-07-08 09:15:24.548254206+00:00
AVRO-1492,2014-08-29 01:10:20.439836915+00:00
AVRO-1491,2015-09-07 17:59:18.632906240+00:00
AVRO-1490,2014-04-30 15:04:03.045832126+00:00
AVRO-1489,2015-04-06 06:34:15.859893345+00:00
AVRO-1488,2014-04-25 17:57:58.903960918+00:00
AVRO-1487,2014-07-30 02:31:19.308692798+00:00
AVRO-1486,2014-04-23 09:53:00.532834305+00:00
AVRO-1485,2016-01-04 11:26:11.677538644+00:00
AVRO-1484,2015-06-17 10:33:06.459055887+00:00
AVRO-1483,2014-03-29 00:46:14.323999989+00:00
AVRO-1482,2014-05-29 09:22:32.051914871+00:00
AVRO-1481,2014-03-19 04:51:44.369935557+00:00
AVRO-1480,2015-12-06 14:52:50.822496153+00:00
AVRO-1479,2014-03-29 22:54:04.447150066+00:00
AVRO-1478,2014-04-02 08:04:52.399938442+00:00
AVRO-1477,2014-03-16 06:16:05.929736929+00:00
AVRO-1476,2014-06-28 08:57:02.689024845+00:00
AVRO-1475,2014-04-03 16:11:01.588623301+00:00
AVRO-1474,2015-01-08 17:53:58.659260518+00:00
AVRO-1473,2014-05-11 03:27:22.338309032+00:00
AVRO-1472,2014-05-20 01:52:45.623753287+00:00
AVRO-1471,2014-05-20 20:25:14.301173921+00:00
AVRO-1470,2014-05-07 16:15:19.722656325+00:00
AVRO-1469,2014-03-07 19:24:31.989534350+00:00
AVRO-1468,2014-05-21 07:58:10.452858229+00:00
AVRO-1467,2015-03-22 09:58:58.196552807+00:00
AVRO-1466,2014-03-19 10:49:46.440034335+00:00
AVRO-1465,2014-05-23 14:45:26.367916395+00:00
AVRO-1464,2014-04-09 16:05:19.120212804+00:00
AVRO-1463,2015-11-24 19:33:57.151481891+00:00
AVRO-1462,2014-05-19 17:26:49.347680651+00:00
AVRO-1461,2015-06-07 04:48:59.090471312+00:00
AVRO-1460,2015-12-12 09:49:43.931786373+00:00
AVRO-1459,2014-04-16 23:46:10.873028950+00:00
AVRO-1458,2014-03-28 22:58:29.401880278+00:00
AVRO-1457,2014-05-27 05:22:27.563795161+00:00
AVRO-1456,2014-09-27 10:12:53.990334046+00:00
AVRO-1455,2014-10-02 09:02:03.860393566+00:00
AVRO-1454,2014-04-12 00:33:25.117365442+00:00
AVRO-1453,2015-07-03 09:16:45.161807850+00:00
AVRO-1452,2014-03-05 11:34:52.697502249+00:00
AVRO-1451,2014-02-24 22:12:42.569465869+00:00
AVRO-1450,2014-02-26 00:30:41.345432714+00:00
AVRO-1449,2014-05-11 06:55:47.568410457+00:00
AVRO-1448,2014-04-14 06:28:41.093522548+00:00
AVRO-1447,2014-03-29 05:04:07.184354866+00:00
AVRO-1446,2014-04-12 02:22:31.038081042+00:00
AVRO-1445,2014-03-25 09:30:08.113794242+00:00
AVRO-1444,2014-02-05 15:25:59.391530765+00:00
AVRO-1443,2015-08-06 18:15:09.869428217+00:00
AVRO-1442,2014-05-25 20:16:16.125791340+00:00
AVRO-1441,2014-03-23 18:22:09.193260720+00:00
AVRO-1440,2014-09-19 21:48:12.395044074+00:00
AVRO-1439,2014-06-30 14:50:14.438797981+00:00
AVRO-1438,2014-01-21 04:20:01.906378412+00:00
AVRO-1437,2014-01-17 19:40:46.205204707+00:00
AVRO-1436,2014-04-22 02:17:34.017394564+00:00
AVRO-1435,2015-01-31 17:31:16.376586379+00:00
AVRO-1434,2014-02-02 10:18:51.521261831+00:00
AVRO-1433,2014-01-25 11:41:33.680037989+00:00
AVRO-1432,2014-01-25 14:31:53.802294587+00:00
AVRO-1431,2014-01-24 12:33:07.028724139+00:00
AVRO-1430,2015-07-14 00:48:09.393424718+00:00
AVRO-1429,2014-02-01 15:15:30.823745752+00:00
AVRO-1428,2014-01-13 21:06:53.564349642+00:00
AVRO-1427,2014-01-10 01:39:35.654628489+00:00
AVRO-1426,2014-01-06 16:20:53.346644143+00:00
AVRO-1425,2014-01-08 11:17:11.645958074+00:00
AVRO-1424,2014-01-26 22:12:38.220562379+00:00
AVRO-1423,2014-02-27 14:54:01.550058258+00:00
AVRO-1422,2014-02-01 13:22:56.596330854+00:00
AVRO-1421,2014-01-25 20:28:35.422225154+00:00
AVRO-1420,2014-01-16 18:11:13.073685057+00:00
AVRO-1419,2015-04-17 01:52:24.647370629+00:00
AVRO-1418,2013-12-25 20:31:10.967651031+00:00
AVRO-1417,2014-01-04 13:38:05.180541129+00:00
AVRO-1416,2014-02-16 09:49:36.264613104+00:00
AVRO-1415,2014-01-13 12:01:38.662990888+00:00
AVRO-1414,2014-02-15 02:07:17.544257370+00:00
AVRO-1413,2014-01-04 19:29:01.802664971+00:00
AVRO-1412,2014-02-02 20:11:43.197665693+00:00
AVRO-1411,2013-12-16 05:19:37.441724467+00:00
AVRO-1410,2014-01-06 07:45:58.907820818+00:00
AVRO-1409,2013-12-29 15:16:11.287656907+00:00
AVRO-1408,2013-12-23 09:26:46.907890926+00:00
AVRO-1407,2016-01-14 06:44:28.610671379+00:00
AVRO-1406,2013-12-04 15:26:05.319625935+00:00
AVRO-1405,2014-04-04 12:52:28.235270380+00:00
AVRO-1404,2013-11-23 23:34:14.380044533+00:00
AVRO-1403,2013-12-14 05:04:32.543912678+00:00
AVRO-1401,2016-07-05 09:56:24.903134497+00:00
AVRO-1400,2014-11-11 17:50:29.858489586+00:00
AVRO-1399,2013-12-20 07:32:09.801990725+00:00
AVRO-1398,2013-12-31 10:38:56.685883749+00:00
AVRO-1397,2013-12-26 23:52:38.885111926+00:00
AVRO-1396,2013-12-26 23:38:55.064426502+00:00
AVRO-1395,2013-11-14 09:02:29.879204707+00:00
AVRO-1394,2013-12-17 23:59:43.695233957+00:00
AVRO-1393,2013-11-21 00:19:20.426051179+00:00
AVRO-1392,2014-01-02 22:00:27.739986660+00:00
AVRO-1391,2013-11-28 01:41:42.564303007+00:00
AVRO-1390,2013-11-20 20:21:11.410455325+00:00
AVRO-1389,2013-10-24 22:24:37.599025509+00:00
AVRO-1388,2013-12-01 02:40:16.267599125+00:00
AVRO-1387,2013-11-17 19:37:22.425767423+00:00
AVRO-1386,2013-11-29 15:11:50.429809905+00:00
AVRO-1385,2013-10-13 12:55:54.057582513+00:00
AVRO-1384,2013-11-23 13:34:27.308879713+00:00
AVRO-1383,2013-10-24 07:36:57.082204228+00:00
AVRO-1382,2013-11-16 01:42:04.936773194+00:00
AVRO-1381,2014-11-16 10:28:10.029271427+00:00
AVRO-1380,2014-01-01 00:50:34.763445590+00:00
AVRO-1379,2013-12-26 02:16:33.814573942+00:00
AVRO-1378,2014-03-18 01:55:21.897893200+00:00
AVRO-1377,2013-10-24 20:45:16.957563457+00:00
AVRO-1376,2014-03-07 22:07:18.583053028+00:00
AVRO-1375,2015-02-26 14:48:25.586060832+00:00
AVRO-1374,2013-11-01 04:57:57.398895358+00:00
AVRO-1373,2013-11-14 07:00:51.882103675+00:00
AVRO-1372,2015-03-15 13:43:28.428673189+00:00
AVRO-1371,2014-12-12 09:13:37.605178821+00:00
AVRO-1370,2013-09-30 23:47:13.967122279+00:00
AVRO-1369,2014-12-17 03:13:07.794174715+00:00
AVRO-1368,2013-10-28 10:26:05.105679550+00:00
AVRO-1367,2013-09-25 06:35:58.679850668+00:00
AVRO-1366,2013-10-14 00:47:14.670059722+00:00
AVRO-1365,2015-09-04 12:30:22.588397569+00:00
AVRO-1364,2014-01-24 03:24:01.999962720+00:00
AVRO-1363,2015-11-17 22:42:02.468595191+00:00
AVRO-1362,2013-11-02 08:14:02.855652479+00:00
AVRO-1361,2013-11-20 16:00:35.057095130+00:00
AVRO-1360,2013-12-17 10:49:54.486008772+00:00
AVRO-1359,2013-08-13 02:00:27.168788873+00:00
AVRO-1358,2013-12-09 06:59:19.134890600+00:00
AVRO-1357,2013-07-28 15:00:44.727082817+00:00
AVRO-1356,2013-10-31 20:52:03.233611375+00:00
AVRO-1355,2013-10-09 17:25:36.187873518+00:00
AVRO-1354,2013-07-31 01:48:29.299994626+00:00
AVRO-1353,2013-08-01 21:15:03.221802428+00:00
AVRO-1352,2014-07-03 16:47:28.384154513+00:00
AVRO-1351,2013-08-05 15:04:28.487591169+00:00
AVRO-1350,2013-07-31 00:53:02.104540150+00:00
AVRO-1349,2013-06-26 03:30:00.833842096+00:00
AVRO-1348,2013-09-27 01:24:27.806154584+00:00
AVRO-1347,2015-04-18 08:25:20.171409156+00:00
AVRO-1346,2013-07-07 09:23:09.625396308+00:00
AVRO-1345,2013-06-27 19:39:41.081932788+00:00
AVRO-1344,2014-01-07 22:19:28.331101324+00:00
AVRO-1343,2014-08-24 13:46:02.497993808+00:00
AVRO-1342,2015-06-08 10:46:50.647888287+00:00
AVRO-1341,2015-08-20 19:23:04.842804682+00:00
AVRO-1340,2015-11-18 14:23:06.632532619+00:00
AVRO-1339,2013-06-22 09:46:50.484912678+00:00
AVRO-1338,2013-05-27 14:43:44.634052903+00:00
AVRO-1337,2013-08-17 01:43:20.683313772+00:00
AVRO-1336,2013-08-14 12:01:55.111448892+00:00
AVRO-1335,2015-10-03 21:35:21.350280623+00:00
AVRO-1334,2014-10-21 21:28:37.958590590+00:00
AVRO-1333,2013-06-23 00:33:54.615791081+00:00
AVRO-1331,2013-06-03 08:59:41.986363400+00:00
AVRO-1330,2013-05-24 01:11:41.407360726+00:00
AVRO-1329,2014-01-03 05:55:37.096987534+00:00
AVRO-1328,2013-05-21 15:56:47.503243176+00:00
AVRO-1327,2013-06-19 04:42:32.468172235+00:00
AVRO-1326,2013-05-12 23:05:11.074498853+00:00
AVRO-1325,2013-07-23 05:42:02.557428895+00:00
AVRO-1324,2013-08-19 06:29:44.641438933+00:00
AVRO-1323,2013-05-30 05:01:27.258971070+00:00
AVRO-1322,2013-06-18 02:02:40.810322152+00:00
AVRO-1321,2013-05-08 03:56:38.190485990+00:00
AVRO-1320,2013-06-20 14:11:27.740198938+00:00
AVRO-1319,2013-07-03 21:06:41.563328109+00:00
AVRO-1318,2014-07-01 10:36:24.721626721+00:00
AVRO-1317,2013-05-19 02:44:52.277724139+00:00
AVRO-1316,2013-10-17 11:14:53.406199242+00:00
AVRO-1315,2014-01-01 10:42:20.432793612+00:00
AVRO-1314,2013-08-04 07:44:23.575288941+00:00
AVRO-1313,2013-07-19 16:15:47.004302406+00:00
AVRO-1312,2015-07-06 04:47:44.005149084+00:00
AVRO-1311,2013-07-01 13:43:13.896709940+00:00
AVRO-1310,2017-08-28 23:06:10.647639903+00:00
AVRO-1309,2013-05-20 13:04:49.573506662+00:00
AVRO-1308,2013-05-21 06:26:22.980301008+00:00
AVRO-1307,2013-06-24 02:10:28.104517900+00:00
AVRO-1306,2013-06-24 11:51:37.425410500+00:00
AVRO-1305,2013-05-19 21:15:03.415912678+00:00
AVRO-1304,2013-05-17 22:57:39.828666312+00:00
AVRO-1303,2013-09-11 04:12:13.915775625+00:00
AVRO-1302,2015-02-20 10:45:24.985261568+00:00
AVRO-1301,2013-10-14 01:10:44.850542929+00:00
AVRO-1300,2013-06-06 12:48:41.316017988+00:00
AVRO-1299,2013-07-09 07:31:01.308159339+00:00
AVRO-1298,2013-04-16 11:39:38.182091078+00:00
AVRO-1297,2013-06-15 09:03:02.840650355+00:00
AVRO-1296,2013-05-07 11:23:18.892196946+00:00
AVRO-1295,2014-03-17 12:07:16.495673759+00:00
AVRO-1294,2013-04-11 12:31:18.820084293+00:00
AVRO-1293,2013-06-14 23:12:11.203046882+00:00
AVRO-1292,2013-06-14 18:50:47.888357373+00:00
AVRO-1291,2014-12-12 14:30:29.015014731+00:00
AVRO-1290,2013-06-02 10:11:44.242642829+00:00
AVRO-1289,2014-08-29 10:35:55.724041168+00:00
AVRO-1288,2013-07-13 00:16:34.894002535+00:00
AVRO-1287,2013-07-21 20:55:15.050043041+00:00
AVRO-1286,2014-03-04 22:02:30.968731350+00:00
AVRO-1285,2014-08-25 23:37:11.168179454+00:00
AVRO-1284,2014-08-24 14:34:23.692374205+00:00
AVRO-1283,2015-04-29 00:11:21.468825284+00:00
AVRO-1282,2013-06-28 13:57:41.957938613+00:00
AVRO-1281,2015-01-13 14:11:53.466326165+00:00
AVRO-1280,2015-01-13 14:06:39.800816551+00:00
AVRO-1279,2013-06-08 03:21:32.012694599+00:00
AVRO-1278,2015-01-13 13:52:28.345034447+00:00
AVRO-1277,2013-04-29 04:23:20.015079582+00:00
AVRO-1276,2013-03-29 22:51:49.608107051+00:00
AVRO-1275,2014-08-25 21:38:57.802032392+00:00
AVRO-1274,2013-06-07 06:15:04.223398037+00:00
AVRO-1273,2013-03-15 11:42:07.240109747+00:00
AVRO-1272,2013-06-18 01:20:44.227972094+00:00
AVRO-1271,2013-04-05 11:22:33.906415864+00:00
AVRO-1270,2013-03-21 03:50:29.046804857+00:00
AVRO-1269,2013-05-21 21:36:22.005182325+00:00
AVRO-1268,2013-06-06 21:47:20.074005948+00:00
AVRO-1267,2013-06-05 01:23:26.109936632+00:00
AVRO-1266,2013-05-04 09:52:02.036772874+00:00
AVRO-1265,2014-08-12 01:23:11.895644604+00:00
AVRO-1264,2013-03-09 03:22:36.873490972+00:00
AVRO-1263,2013-03-12 11:02:21.133515004+00:00
AVRO-1262,2013-04-30 00:07:41.566009650+00:00
AVRO-1261,2013-11-04 00:20:02.315752970+00:00
AVRO-1260,2013-06-26 12:13:30.273238043+00:00
AVRO-1259,2013-05-31 15:30:07.469412739+00:00
AVRO-1258,2013-03-12 16:28:30.195526099+00:00
AVRO-1257,2013-03-12 16:07:19.740737964+00:00
AVRO-1256,2014-05-01 23:35:26.814155476+00:00
AVRO-1255,2013-02-15 03:29:05.943128644+00:00
AVRO-1254,2013-02-25 11:44:34.476178621+00:00
AVRO-1253,2013-02-25 11:07:09.067119386+00:00
AVRO-1252,2013-03-12 08:25:31.880551684+00:00
AVRO-1251,2013-02-17 15:53:41.690467721+00:00
AVRO-1250,2013-02-18 17:39:03.623199322+00:00
AVRO-1249,2013-02-24 08:32:56.193253971+00:00
AVRO-1248,2013-05-10 21:42:56.184455508+00:00
AVRO-1247,2013-03-05 04:53:41.250032797+00:00
AVRO-1246,2013-06-30 15:19:54.722156369+00:00
AVRO-1245,2013-09-07 02:04:12.308055888+00:00
AVRO-1244,2013-02-27 03:01:46.008913389+00:00
AVRO-1243,2013-02-21 22:52:00.743248590+00:00
AVRO-1242,2013-02-25 01:47:21.824211266+00:00
AVRO-1241,2013-02-08 09:18:47.314851579+00:00
AVRO-1240,2013-02-27 10:30:50.857586193+00:00
AVRO-1239,2013-03-07 06:34:53.678444687+00:00
AVRO-1238,2013-04-27 01:00:36.142712476+00:00
AVRO-1237,2013-08-19 09:51:25.000602542+00:00
AVRO-1236,2013-02-28 14:52:58.524378302+00:00
AVRO-1235,2014-06-15 07:42:40.745211762+00:00
AVRO-1234,2013-08-18 02:27:03.031005748+00:00
AVRO-1233,2013-02-13 10:23:52.651841777+00:00
AVRO-1232,2014-01-26 09:38:21.156742830+00:00
AVRO-1231,2013-01-27 06:52:57.807485206+00:00
AVRO-1230,2013-01-27 06:26:30.883824818+00:00
AVRO-1229,2013-02-10 19:10:14.333127962+00:00
AVRO-1228,2013-01-24 01:41:34.899627789+00:00
AVRO-1227,2013-02-09 23:26:28.877350264+00:00
AVRO-1226,2013-02-12 11:30:41.305341462+00:00
AVRO-1225,2013-08-17 02:32:54.964478814+00:00
AVRO-1224,2013-02-13 15:51:29.529163821+00:00
AVRO-1223,2013-02-23 19:23:09.446853670+00:00
AVRO-1222,2013-01-10 16:53:26.515883161+00:00
AVRO-1221,2012-12-21 16:34:07.200919810+00:00
AVRO-1220,2013-01-16 20:43:40.231676601+00:00
AVRO-1219,2013-02-09 08:34:31.327632396+00:00
AVRO-1218,2013-03-08 19:10:41.826509489+00:00
AVRO-1217,2012-12-15 03:05:26.758537017+00:00
AVRO-1216,2017-01-15 13:34:38.947325496+00:00
AVRO-1215,2014-04-06 11:50:47.733316652+00:00
AVRO-1214,2014-07-10 18:19:00.401061607+00:00
AVRO-1213,2015-08-16 14:39:46.973705783+00:00
AVRO-1212,2012-12-28 10:58:13.663205746+00:00
AVRO-1211,2013-02-20 04:41:54.598369809+00:00
AVRO-1210,2013-02-13 16:54:09.839830876+00:00
AVRO-1209,2012-12-05 04:27:49.846106364+00:00
AVRO-1208,2013-01-02 09:41:25.599713752+00:00
AVRO-1207,2013-05-08 19:38:13.392392662+00:00
AVRO-1206,2012-11-27 21:49:00.918806252+00:00
AVRO-1205,2013-05-03 09:39:33.471517322+00:00
AVRO-1204,2012-12-12 13:59:19.163338892+00:00
AVRO-1203,2014-06-13 14:35:16.301184080+00:00
AVRO-1202,2013-01-05 16:33:53.349238680+00:00
AVRO-1201,2013-04-02 01:13:36.429644764+00:00
AVRO-1200,2012-11-17 04:45:07.130475986+00:00
AVRO-1199,2012-11-21 16:43:57.351072348+00:00
AVRO-1198,2012-12-18 05:37:51.302071502+00:00
AVRO-1197,2012-11-08 20:09:11.236694548+00:00
AVRO-1196,2013-02-06 20:14:59.890214028+00:00
AVRO-1195,2013-02-06 20:09:34.715446352+00:00
AVRO-1194,2013-02-06 20:08:00.015497609+00:00
AVRO-1193,2013-02-06 20:05:13.784957921+00:00
AVRO-1192,2013-02-06 20:03:13.801168638+00:00
AVRO-1191,2016-03-21 20:07:13.810776893+00:00
AVRO-1190,2013-07-03 03:30:24.438811021+00:00
AVRO-1189,2014-02-12 19:06:34.882990639+00:00
AVRO-1188,2013-04-12 00:56:17.435091406+00:00
AVRO-1187,2012-11-03 16:25:48.751535600+00:00
AVRO-1186,2014-10-28 18:18:36.265762725+00:00
AVRO-1185,2012-12-12 10:51:45.367595214+00:00
AVRO-1184,2012-11-25 19:06:41.526912678+00:00
AVRO-1183,2012-11-10 16:38:31.611074833+00:00
AVRO-1182,2013-05-02 12:17:10.889315473+00:00
AVRO-1181,2013-03-13 03:34:58.174821028+00:00
AVRO-1180,2012-10-24 06:09:35.064215502+00:00
AVRO-1179,2013-01-31 12:25:03.081594157+00:00
AVRO-1178,2013-01-01 00:55:39.370948344+00:00
AVRO-1177,2012-11-04 11:13:16.441348421+00:00
AVRO-1176,2015-01-29 00:44:54.820583441+00:00
AVRO-1175,2012-10-17 20:41:21.122117624+00:00
AVRO-1174,2012-11-20 18:31:38.175704393+00:00
AVRO-1173,2012-10-26 00:18:44.900877113+00:00
AVRO-1172,2013-05-24 02:08:53.879030084+00:00
AVRO-1171,2012-12-12 13:24:57.539089962+00:00
AVRO-1170,2012-11-08 06:50:03.698450644+00:00
AVRO-1169,2012-10-21 04:26:20.838332085+00:00
AVRO-1168,2012-09-20 20:20:30.430145297+00:00
AVRO-1167,2014-12-18 11:43:27.781150809+00:00
AVRO-1166,2012-10-31 23:41:59.472893113+00:00
AVRO-1165,2012-09-26 20:19:19.936642341+00:00
AVRO-1164,2012-10-03 18:27:37.446591761+00:00
AVRO-1163,2012-10-13 10:24:25.205305184+00:00
AVRO-1162,2012-10-03 15:46:54.173351210+00:00
AVRO-1161,2012-09-28 04:21:13.512418693+00:00
AVRO-1160,2012-10-31 09:53:44.959842450+00:00
AVRO-1159,2012-09-28 02:35:39.701445995+00:00
AVRO-1158,2012-09-28 02:30:33.719740388+00:00
AVRO-1157,2012-11-09 12:33:07.757657559+00:00
AVRO-1156,2015-06-13 02:30:32.893283274+00:00
AVRO-1155,2013-02-26 23:07:40.420444846+00:00
AVRO-1154,2012-10-03 00:27:32.439238574+00:00
AVRO-1153,2012-09-29 07:43:34.869627100+00:00
AVRO-1152,2012-09-12 00:36:46.352730450+00:00
AVRO-1151,2012-10-03 01:37:39.582091250+00:00
AVRO-1150,2012-09-29 07:03:50.241476314+00:00
AVRO-1149,2012-10-01 10:33:50.504776147+00:00
AVRO-1148,2013-01-16 09:29:50.424162016+00:00
AVRO-1147,2012-09-07 19:54:53.241532808+00:00
AVRO-1146,2012-09-14 05:12:00.978593210+00:00
AVRO-1145,2012-09-12 14:54:43.274862360+00:00
AVRO-1144,2013-09-29 14:48:48.924509413+00:00
AVRO-1143,2012-09-11 10:55:05.571485340+00:00
AVRO-1142,2012-08-29 05:22:08.208190225+00:00
AVRO-1141,2012-08-25 22:55:01.362740917+00:00
AVRO-1140,2012-08-21 00:26:58.524210331+00:00
AVRO-1139,2012-08-31 15:37:29.189035455+00:00
AVRO-1138,2012-08-20 09:18:52.438823340+00:00
AVRO-1137,2012-08-17 04:47:06.531896004+00:00
AVRO-1136,2012-09-12 23:28:23.035738959+00:00
AVRO-1135,2012-08-06 05:18:06.847536621+00:00
AVRO-1134,2013-03-22 22:28:22.499195140+00:00
AVRO-1133,2012-08-20 05:13:17.192273036+00:00
AVRO-1132,2013-01-02 14:26:41.462679450+00:00
AVRO-1131,2012-08-06 03:13:56.489916274+00:00
AVRO-1130,2014-12-15 05:26:14.790447361+00:00
AVRO-1129,2012-08-25 15:01:35.486103883+00:00
AVRO-1128,2012-07-30 09:55:58.270839639+00:00
AVRO-1127,2015-03-06 15:13:09.045247133+00:00
AVRO-1126,2014-08-11 19:02:16.246618290+00:00
AVRO-1125,2012-07-25 01:09:23.813669186+00:00
AVRO-1124,2014-03-24 13:02:27.678874325+00:00
AVRO-1123,2012-07-24 01:05:44.940223500+00:00
AVRO-1122,2012-11-03 07:15:35.212926057+00:00
AVRO-1121,2012-10-03 17:04:43.898781421+00:00
AVRO-1120,2012-06-30 18:59:52.236176321+00:00
AVRO-1119,2012-06-28 08:59:54.137931789+00:00
AVRO-1118,2014-05-13 04:38:14.738754011+00:00
AVRO-1116,2012-06-26 05:03:37.539471659+00:00
AVRO-1115,2012-06-26 04:27:52.721269990+00:00
AVRO-1114,2012-06-21 23:43:52.852400695+00:00
AVRO-1113,2012-06-22 07:57:56.679254930+00:00
AVRO-1112,2012-06-17 20:17:43.812332325+00:00
AVRO-1111,2012-09-05 03:30:59.502780696+00:00
AVRO-1110,2012-07-09 00:10:28.247517329+00:00
AVRO-1109,2012-06-16 13:17:51.125712980+00:00
AVRO-1108,2012-06-19 07:04:21.678351580+00:00
AVRO-1107,2012-06-05 05:22:18.698204707+00:00
AVRO-1106,2012-08-26 05:04:36.851437843+00:00
AVRO-1105,2012-11-24 22:02:32.174794411+00:00
AVRO-1104,2012-07-15 01:52:38.151095626+00:00
AVRO-1103,2012-10-19 00:44:43.424026756+00:00
AVRO-1102,2012-05-31 10:19:47.704035682+00:00
AVRO-1101,2012-06-25 13:53:20.399919233+00:00
AVRO-1100,2012-06-11 06:55:14.598043409+00:00
AVRO-1099,2012-06-04 22:30:06.371057913+00:00
AVRO-1098,2012-05-23 21:06:23.813150371+00:00
AVRO-1097,2012-06-06 11:45:21.495978708+00:00
AVRO-1096,2012-05-30 02:33:25.717186118+00:00
AVRO-1095,2012-07-29 14:15:43.823118010+00:00
AVRO-1094,2012-06-24 10:54:12.336648439+00:00
AVRO-1093,2012-06-23 11:10:10.502941891+00:00
AVRO-1092,2012-06-02 17:25:18.933540174+00:00
AVRO-1091,2012-06-13 22:50:34.846697418+00:00
AVRO-1090,2012-06-01 04:09:37.130360939+00:00
AVRO-1089,2012-08-10 11:56:16.101103624+00:00
AVRO-1088,2012-05-28 16:21:40.861738664+00:00
AVRO-1087,2012-06-12 07:36:08.510617854+00:00
AVRO-1086,2012-05-27 17:02:08.818323768+00:00
AVRO-1085,2012-06-22 21:13:00.684795208+00:00
AVRO-1084,2012-05-12 05:43:16.984939421+00:00
AVRO-1083,2012-05-12 05:12:51.470683508+00:00
AVRO-1082,2012-05-12 04:31:05.077605492+00:00
AVRO-1081,2012-08-12 02:34:14.027233627+00:00
AVRO-1080,2013-07-12 23:55:36.517301773+00:00
AVRO-1079,2012-07-23 12:51:50.703723624+00:00
AVRO-1078,2012-06-20 05:31:18.652584417+00:00
AVRO-1077,2012-06-20 05:28:38.631435782+00:00
AVRO-1076,2012-05-03 01:50:07.632968949+00:00
AVRO-1075,2012-05-28 14:36:40.595593547+00:00
AVRO-1074,2012-05-09 14:29:21.246438062+00:00
AVRO-1073,2013-06-24 19:13:04.485832858+00:00
AVRO-1072,2012-05-20 18:12:24.925402563+00:00
AVRO-1071,2012-05-07 14:20:37.178782404+00:00
AVRO-1070,2012-04-24 08:22:20.974851843+00:00
AVRO-1069,2012-05-29 16:45:32.527635499+00:00
AVRO-1068,2012-05-07 07:27:48.221612108+00:00
AVRO-1067,2012-04-23 02:55:35.029204707+00:00
AVRO-1066,2012-04-26 18:13:07.325951073+00:00
AVRO-1065,2013-03-02 12:59:23.723166224+00:00
AVRO-1064,2015-09-24 02:22:08.830028126+00:00
AVRO-1063,2014-09-07 11:20:44.948175711+00:00
AVRO-1062,2013-03-23 21:18:19.537637412+00:00
AVRO-1061,2012-05-05 22:18:39.558013943+00:00
AVRO-1060,2012-05-06 09:31:05.156917938+00:00
AVRO-1059,2012-04-26 05:49:45.300071527+00:00
AVRO-1058,2012-04-23 12:44:00.169549572+00:00
AVRO-1057,2012-04-20 11:49:08.456081307+00:00
AVRO-1056,2014-03-06 06:08:33.670335214+00:00
AVRO-1055,2012-06-21 04:49:04.086707029+00:00
AVRO-1054,2012-06-02 00:04:08.025319795+00:00
AVRO-1053,2012-04-12 17:54:56.193596987+00:00
AVRO-1052,2012-04-27 11:55:39.311126949+00:00
AVRO-1051,2012-04-16 14:11:06.821332297+00:00
AVRO-1050,2012-04-15 15:17:25.810836359+00:00
AVRO-1049,2012-05-13 06:29:33.193462476+00:00
AVRO-1048,2012-04-07 22:09:35.213810891+00:00
AVRO-1047,2015-12-30 15:17:01.875466418+00:00
AVRO-1046,2012-05-10 07:50:14.936988773+00:00
AVRO-1045,2012-05-07 17:00:01.348899537+00:00
AVRO-1044,2012-08-23 05:16:34.078122683+00:00
AVRO-1043,2012-07-20 02:36:47.516658681+00:00
AVRO-1042,2012-06-27 20:49:28.008610128+00:00
AVRO-1041,2012-03-07 02:05:02.772717534+00:00
AVRO-1040,2013-08-19 05:39:08.879242395+00:00
AVRO-1039,2012-03-07 22:57:04.741858005+00:00
AVRO-1038,2012-03-08 07:50:12.339606356+00:00
AVRO-1037,2012-03-13 06:54:17.176132952+00:00
AVRO-1036,2012-03-11 19:53:28.160913289+00:00
AVRO-1035,2012-09-30 20:43:35.711310493+00:00
AVRO-1034,2012-02-26 12:46:56.361891638+00:00
AVRO-1033,2012-02-27 03:49:52.236132306+00:00
AVRO-1032,2012-04-12 10:16:30.548151187+00:00
AVRO-1031,2012-02-22 21:26:02.848543200+00:00
AVRO-1030,2012-02-18 11:42:11.306799725+00:00
AVRO-1029,2015-12-29 18:26:52.540916223+00:00
AVRO-1027,2012-02-11 20:53:18.562232963+00:00
AVRO-1026,2013-06-30 12:07:17.354464262+00:00
AVRO-1025,2012-09-30 16:02:04.549126356+00:00
AVRO-1024,2012-02-20 23:39:07.719990704+00:00
AVRO-1023,2012-02-20 06:58:01.054726344+00:00
AVRO-1022,2012-10-03 17:42:54.107206205+00:00
AVRO-1021,2012-09-25 17:18:55.513053777+00:00
AVRO-1020,2012-02-10 08:03:47.376309746+00:00
AVRO-1019,2012-03-14 12:02:11.524550380+00:00
AVRO-1018,2012-04-05 20:08:58.419863532+00:00
AVRO-1017,2012-03-06 04:52:46.701949462+00:00
AVRO-1016,2012-02-09 14:13:19.693991389+00:00
AVRO-1015,2012-02-08 16:46:59.465709153+00:00
AVRO-1014,2012-02-16 03:36:56.965335727+00:00
AVRO-1013,2012-02-23 00:58:56.735252793+00:00
AVRO-1012,2012-02-10 04:35:47.193355475+00:00
AVRO-1011,2012-02-10 04:27:32.594852463+00:00
AVRO-1010,2012-02-09 02:36:22.308458025+00:00
AVRO-1009,2012-02-14 13:21:30.298538309+00:00
AVRO-1008,2012-08-29 18:15:48.689346769+00:00
AVRO-1007,2012-02-03 19:43:49.439540915+00:00
AVRO-1006,2013-04-13 13:25:00.858676514+00:00
AVRO-1005,2012-02-18 18:31:09.560062700+00:00
AVRO-1004,2012-02-07 14:36:59.338435685+00:00
AVRO-1003,2012-02-07 14:28:16.127991802+00:00
AVRO-1002,2012-02-18 20:57:10.185730024+00:00
AVRO-1001,2012-01-30 06:58:14.944941993+00:00
AVRO-1000,2012-02-07 21:15:00.561366120+00:00
AVRO-999,2012-05-12 18:40:49.182618682+00:00
AVRO-998,2013-11-02 11:56:35.245598098+00:00
AVRO-997,2015-01-24 15:44:26.136489540+00:00
AVRO-996,2012-01-22 22:16:21.254275297+00:00
AVRO-995,2012-02-24 06:47:12.231546410+00:00
AVRO-994,2012-02-14 21:50:11.557410223+00:00
AVRO-993,2012-09-08 18:14:36.041712069+00:00
AVRO-992,2014-03-06 00:29:14.902098728+00:00
AVRO-991,2012-01-23 01:25:01.034770720+00:00
AVRO-990,2012-02-17 04:43:55.203847283+00:00
AVRO-989,2012-02-12 08:12:23.689336724+00:00
AVRO-988,2012-07-18 23:48:53.741893451+00:00
AVRO-986,2012-01-13 16:49:55.672714868+00:00
AVRO-985,2012-01-09 08:23:30.718828839+00:00
AVRO-984,2011-12-30 22:59:45.847951684+00:00
AVRO-982,2012-01-31 22:46:02.550866613+00:00
AVRO-981,2012-06-23 01:19:46.921011470+00:00
AVRO-980,2012-02-09 18:48:06.823079584+00:00
AVRO-979,2013-01-08 22:10:46.882369483+00:00
AVRO-978,2012-01-05 16:10:18.584216019+00:00
AVRO-977,2012-01-29 00:18:08.591390154+00:00
AVRO-976,2012-01-30 12:02:15.933933727+00:00
AVRO-974,2013-04-21 23:24:44.795592026+00:00
AVRO-973,2013-02-03 02:08:48.955985196+00:00
AVRO-972,2011-12-26 03:22:26.211315634+00:00
AVRO-971,2014-11-14 21:31:25.494708096+00:00
AVRO-970,2013-01-23 10:59:40.448232012+00:00
AVRO-969,2012-01-22 15:47:18.560119807+00:00
AVRO-968,2012-01-02 17:23:51.687341134+00:00
AVRO-967,2012-02-08 07:10:01.838720347+00:00
AVRO-966,2012-02-05 01:05:22.602986539+00:00
AVRO-965,2012-01-12 04:47:51.142218632+00:00
AVRO-964,2012-01-18 12:38:04.162061781+00:00
AVRO-963,2012-02-27 09:09:15.145605655+00:00
AVRO-962,2011-12-24 21:52:32.961236336+00:00
AVRO-961,2012-03-06 06:41:23.605316052+00:00
AVRO-960,2012-02-12 06:48:17.473269386+00:00
AVRO-959,2013-03-08 01:57:23.732407726+00:00
AVRO-958,2012-11-01 11:28:01.361284086+00:00
AVRO-957,2012-10-30 03:58:32.665789343+00:00
AVRO-956,2011-12-18 05:41:27.856647509+00:00
AVRO-955,2011-11-13 10:22:39.861034922+00:00
AVRO-954,2012-04-25 03:40:00.008601080+00:00
AVRO-953,2012-01-09 12:38:49.583192644+00:00
AVRO-952,2012-04-09 20:03:15.462196452+00:00
AVRO-951,2011-12-19 03:33:27.798559862+00:00
AVRO-950,2011-11-16 02:23:08.968597823+00:00
AVRO-949,2011-11-10 13:40:30.061251551+00:00
AVRO-948,2011-11-04 07:00:33.143784259+00:00
AVRO-947,2011-11-10 03:36:33.824066828+00:00
AVRO-946,2011-10-29 06:41:06.759491572+00:00
AVRO-945,2011-11-21 10:53:07.991627701+00:00
AVRO-944,2011-10-30 15:57:27.492032499+00:00
AVRO-943,2011-10-27 15:02:25.524807770+00:00
AVRO-942,2011-10-25 08:23:26.797889469+00:00
AVRO-941,2011-11-03 08:55:43.169280832+00:00
AVRO-940,2011-10-24 19:13:56.177995598+00:00
AVRO-939,2012-03-17 15:44:37.374135487+00:00
AVRO-938,2011-11-01 10:55:26.456543618+00:00
AVRO-937,2011-11-01 09:10:20.664443503+00:00
AVRO-936,2011-11-08 10:28:42.092901694+00:00
AVRO-935,2011-10-17 23:31:54.677339509+00:00
AVRO-934,2011-10-25 16:15:27.945681264+00:00
AVRO-933,2011-11-05 19:35:43.852518491+00:00
AVRO-932,2011-10-18 03:16:23.188909637+00:00
AVRO-931,2011-11-04 20:35:14.017302786+00:00
AVRO-930,2011-11-29 08:48:36.869257907+00:00
AVRO-929,2011-10-31 15:05:38.689392770+00:00
AVRO-928,2011-10-17 20:14:59.173049407+00:00
AVRO-927,2011-11-25 12:58:39.018767602+00:00
AVRO-926,2011-12-24 01:49:17.797819811+00:00
AVRO-925,2011-10-14 10:14:15.692641716+00:00
AVRO-924,2013-08-27 04:19:32.880668266+00:00
AVRO-923,2012-01-20 17:45:20.554979784+00:00
AVRO-922,2011-10-10 19:09:35.514373621+00:00
AVRO-921,2011-10-10 19:00:56.465429753+00:00
AVRO-920,2011-10-10 18:53:07.133373054+00:00
AVRO-919,2011-10-10 18:48:18.447090189+00:00
AVRO-918,2011-10-11 08:19:16.165673685+00:00
AVRO-917,2011-10-23 11:40:42.273001343+00:00
AVRO-916,2011-10-23 10:53:34.534928857+00:00
AVRO-915,2011-10-11 07:26:07.594241868+00:00
AVRO-914,2012-03-11 23:07:23.914984063+00:00
AVRO-913,2011-10-11 10:22:37.596446506+00:00
AVRO-912,2011-10-13 16:45:00.403591754+00:00
AVRO-911,2011-10-16 02:24:30.070255964+00:00
AVRO-910,2011-10-28 14:22:24.011533250+00:00
AVRO-909,2011-10-10 10:33:43.873019928+00:00
AVRO-908,2011-10-24 05:19:13.879772556+00:00
AVRO-907,2011-10-28 03:13:46.689789811+00:00
AVRO-906,2011-10-09 07:27:42.605261974+00:00
AVRO-905,2011-11-27 17:31:01.637269429+00:00
AVRO-904,2011-10-10 08:55:04.304604194+00:00
AVRO-903,2011-10-10 08:46:39.925413950+00:00
AVRO-902,2011-10-10 08:43:19.953354516+00:00
AVRO-901,2011-10-11 21:02:24.945604836+00:00
AVRO-900,2011-10-13 07:50:58.213864115+00:00
AVRO-899,2011-10-24 13:29:32.581289780+00:00
AVRO-898,2011-12-25 07:00:15.047840323+00:00
AVRO-897,2012-09-30 23:45:14.373032413+00:00
AVRO-896,2014-06-17 18:27:41.850196784+00:00
AVRO-895,2011-10-10 21:48:15.557756554+00:00
AVRO-894,2011-10-01 21:52:27.036211057+00:00
AVRO-893,2011-11-04 10:38:33.466317593+00:00
AVRO-892,2011-10-21 17:53:16.566209917+00:00
AVRO-891,2011-09-27 13:23:14.942150768+00:00
AVRO-890,2011-10-23 00:31:45.819220742+00:00
AVRO-889,2011-11-09 07:44:17.758229791+00:00
AVRO-888,2011-09-28 22:46:02.367279960+00:00
AVRO-887,2011-10-28 09:54:00.647414199+00:00
AVRO-886,2011-10-15 23:51:08.596843619+00:00
AVRO-885,2011-10-25 00:54:29.408748349+00:00
AVRO-884,2011-09-11 22:04:47.009688181+00:00
AVRO-883,2012-01-06 04:58:09.283234173+00:00
AVRO-882,2012-11-21 11:48:28.284720783+00:00
AVRO-881,2011-10-07 02:19:41.492579179+00:00
AVRO-880,2011-09-28 03:37:05.896420488+00:00
AVRO-879,2011-09-18 22:44:11.554585071+00:00
AVRO-878,2011-11-04 13:49:11.237523958+00:00
AVRO-877,2011-10-08 13:06:46.481866581+00:00
AVRO-876,2011-08-30 17:23:10.759351810+00:00
AVRO-875,2011-10-03 12:14:06.339986582+00:00
AVRO-874,2011-10-01 06:13:32.907931851+00:00
AVRO-873,2011-12-19 21:50:49.308081702+00:00
AVRO-872,2011-10-04 15:01:33.365015730+00:00
AVRO-871,2011-09-16 21:37:25.429811360+00:00
AVRO-870,2012-04-02 00:07:01.626203910+00:00
AVRO-869,2011-08-21 14:22:44.012865087+00:00
AVRO-868,2011-08-15 19:43:48.804022636+00:00
AVRO-867,2012-10-13 03:55:54.373843829+00:00
AVRO-866,2011-12-17 19:07:31.996299879+00:00
AVRO-865,2011-09-07 03:11:19.004543388+00:00
AVRO-864,2011-09-02 15:13:36.145120853+00:00
AVRO-863,2011-08-31 18:16:17.349437419+00:00
AVRO-862,2011-08-20 04:10:10.481827900+00:00
AVRO-861,2011-08-30 02:49:43.859349348+00:00
AVRO-860,2012-03-10 14:55:18.213055792+00:00
AVRO-859,2011-08-06 10:21:16.424917568+00:00
AVRO-858,2011-10-14 15:17:23.348741162+00:00
AVRO-857,2011-10-03 13:16:13.999190014+00:00
AVRO-856,2011-08-04 03:38:09.980031102+00:00
AVRO-855,2014-06-01 14:57:48.054121927+00:00
AVRO-854,2011-11-18 14:45:55.824332970+00:00
AVRO-853,2011-09-12 07:52:28.822998591+00:00
AVRO-852,2011-08-13 17:54:47.716851383+00:00
AVRO-851,2012-08-18 11:58:47.962272399+00:00
AVRO-850,2011-10-09 01:28:52.742490392+00:00
AVRO-849,2011-08-04 10:20:21.021439431+00:00
AVRO-848,2011-10-26 17:35:02.467660516+00:00
AVRO-847,2011-09-24 23:13:12.116273664+00:00
AVRO-846,2011-08-02 19:14:39.745665171+00:00
AVRO-845,2011-08-09 17:57:49.929247496+00:00
AVRO-844,2011-09-13 17:55:58.125964035+00:00
AVRO-843,2014-03-27 07:13:21.966796512+00:00
AVRO-842,2011-06-30 13:36:25.216790805+00:00
AVRO-841,2011-08-29 19:23:13.044247607+00:00
AVRO-840,2011-09-09 21:33:06.836046699+00:00
AVRO-839,2011-10-22 16:12:14.886755891+00:00
AVRO-838,2011-09-14 13:19:45.584934715+00:00
AVRO-837,2011-08-09 07:18:05.295194464+00:00
AVRO-836,2011-11-01 08:38:22.268494699+00:00
AVRO-835,2011-10-21 18:12:41.874935409+00:00
AVRO-834,2013-11-11 11:33:10.201979273+00:00
AVRO-833,2011-08-13 18:30:04.197074057+00:00
AVRO-832,2011-08-29 16:38:40.316833073+00:00
AVRO-831,2011-11-09 22:57:39.320794411+00:00
AVRO-830,2011-07-10 14:43:30.483976364+00:00
AVRO-829,2011-06-08 12:53:53.477368675+00:00
AVRO-828,2011-07-20 21:26:02.978922557+00:00
AVRO-827,2011-06-06 00:24:58.520019675+00:00
AVRO-826,2012-01-14 00:31:50.115704974+00:00
AVRO-825,2011-06-13 22:44:09.727141764+00:00
AVRO-824,2011-09-01 13:08:17.507051103+00:00
AVRO-823,2012-12-18 10:04:51.886237282+00:00
AVRO-822,2011-12-16 09:36:13.470921014+00:00
AVRO-821,2011-10-23 22:57:21.513200465+00:00
AVRO-820,2011-06-18 22:50:01.352338579+00:00
AVRO-819,2011-06-03 08:08:36.552806130+00:00
AVRO-818,2011-06-03 07:50:22.264236403+00:00
AVRO-817,2011-05-07 10:40:29.080388113+00:00
AVRO-816,2012-06-13 12:15:45.678918478+00:00
AVRO-815,2011-06-18 09:50:06.878203230+00:00
AVRO-814,2011-08-15 21:31:36.567117566+00:00
AVRO-813,2013-09-01 05:51:20.806825329+00:00
AVRO-812,2011-05-19 07:25:13.288962434+00:00
AVRO-811,2011-05-01 14:01:25.417190350+00:00
AVRO-810,2011-08-03 22:45:26.148816990+00:00
AVRO-809,2011-05-22 22:03:10.069891051+00:00
AVRO-808,2011-05-04 12:28:24.478588078+00:00
AVRO-807,2011-10-21 21:46:08.051718253+00:00
AVRO-806,2012-05-02 15:39:02.828839209+00:00
AVRO-805,2011-08-01 05:52:14.290157362+00:00
AVRO-804,2011-08-01 05:48:52.937247182+00:00
AVRO-803,2012-06-05 18:52:48.210494429+00:00
AVRO-802,2011-05-04 02:55:44.308661725+00:00
AVRO-801,2011-04-20 15:50:28.369163386+00:00
AVRO-800,2011-08-19 16:28:01.856867233+00:00
AVRO-799,2011-05-01 03:52:05.465921039+00:00
AVRO-798,2011-05-01 03:23:05.847992801+00:00
AVRO-797,2011-04-13 18:33:30.079278332+00:00
AVRO-796,2011-06-18 23:47:53.968386388+00:00
AVRO-795,2011-04-11 11:43:24.363673147+00:00
AVRO-794,2011-04-27 01:23:36.782756508+00:00
AVRO-793,2011-04-14 00:15:47.322688980+00:00
AVRO-792,2013-03-21 15:06:36.994507859+00:00
AVRO-791,2013-09-26 08:32:39.244012389+00:00
AVRO-790,2011-04-23 20:58:16.993958650+00:00
AVRO-789,2011-04-08 00:05:51.663923146+00:00
AVRO-788,2011-04-20 03:02:56.106886288+00:00
AVRO-787,2011-04-05 13:06:54.282509069+00:00
AVRO-786,2011-04-20 01:45:12.288521914+00:00
AVRO-785,2011-04-18 06:18:30.644674886+00:00
AVRO-784,2011-10-06 20:14:01.698378156+00:00
AVRO-783,2011-04-03 13:20:34.470120205+00:00
AVRO-782,2011-11-07 13:54:01.804603102+00:00
AVRO-781,2011-03-31 13:28:12.448550719+00:00
AVRO-779,2011-03-18 19:03:57.737605773+00:00
AVRO-778,2011-03-18 12:08:47.221136086+00:00
AVRO-777,2011-10-10 02:28:33.395226479+00:00
AVRO-776,2011-05-21 18:57:14.910871977+00:00
AVRO-775,2011-03-29 21:28:20.139552881+00:00
AVRO-774,2011-03-07 18:55:12.889569782+00:00
AVRO-773,2011-03-25 04:27:12.814038575+00:00
AVRO-772,2011-05-06 23:28:15.301593834+00:00
AVRO-771,2011-08-12 04:06:06.897429248+00:00
AVRO-770,2011-04-27 03:56:00.750244144+00:00
AVRO-769,2011-02-21 02:57:00.811308082+00:00
AVRO-768,2011-02-16 08:29:05.046884059+00:00
AVRO-767,2012-10-02 04:50:19.971237199+00:00
AVRO-766,2014-03-03 08:37:30.752901628+00:00
AVRO-765,2011-08-24 13:51:24.219838638+00:00
AVRO-764,2011-03-05 02:07:17.489149258+00:00
AVRO-763,2011-04-20 04:10:00.923786101+00:00
AVRO-762,2011-03-09 05:26:58.695602482+00:00
AVRO-761,2011-02-12 20:50:15.819475394+00:00
AVRO-760,2011-07-07 09:04:46.686566400+00:00
AVRO-759,2011-02-10 17:31:12.016101355+00:00
AVRO-758,2011-04-30 20:54:46.825602560+00:00
AVRO-757,2011-02-28 08:41:20.022294920+00:00
AVRO-756,2011-03-02 05:29:10.584667450+00:00
AVRO-755,2011-03-06 04:02:18.114664345+00:00
AVRO-754,2011-02-21 17:59:40.105676636+00:00
AVRO-753,2011-02-13 06:46:06.245093035+00:00
AVRO-752,2011-04-01 00:00:49.287989565+00:00
AVRO-751,2011-02-14 13:10:18.646594448+00:00
AVRO-750,2011-02-07 14:11:44.799529469+00:00
AVRO-749,2011-02-01 00:13:51.070054619+00:00
AVRO-748,2011-02-26 19:50:49.459914282+00:00
AVRO-747,2011-05-17 16:02:29.221321395+00:00
AVRO-746,2011-05-21 13:06:54.731905850+00:00
AVRO-745,2011-01-26 00:45:34.955357703+00:00
AVRO-744,2011-02-05 14:38:56.278313555+00:00
AVRO-743,2011-02-07 02:59:49.103570078+00:00
AVRO-742,2011-01-22 05:19:03.745992766+00:00
AVRO-741,2011-02-01 03:45:11.550451222+00:00
AVRO-740,2011-05-22 02:48:09.471437394+00:00
AVRO-739,2013-08-08 22:10:17.509742890+00:00
AVRO-738,2011-02-24 20:08:12.889857242+00:00
AVRO-737,2011-02-28 20:37:27.680653899+00:00
AVRO-736,2011-01-20 10:33:04.536684384+00:00
AVRO-735,2011-01-23 08:38:06.165062721+00:00
AVRO-734,2011-03-16 18:11:36.416971186+00:00
AVRO-733,2011-01-21 10:44:51.205751235+00:00
AVRO-732,2013-07-07 15:35:42.061472862+00:00
AVRO-731,2011-02-19 20:00:11.316536647+00:00
AVRO-730,2011-02-12 08:55:40.331564616+00:00
AVRO-729,2011-01-28 17:33:50.672452348+00:00
AVRO-728,2011-02-04 14:47:14.915959088+00:00
AVRO-727,2011-01-31 17:20:19.844430437+00:00
AVRO-726,2011-04-02 04:45:07.444694524+00:00
AVRO-725,2011-02-11 09:29:48.505227298+00:00
AVRO-724,2011-05-26 16:56:44.411171253+00:00
AVRO-723,2011-01-31 12:22:33.635636610+00:00
AVRO-722,2011-01-29 23:18:04.884942937+00:00
AVRO-721,2011-01-29 18:30:30.369863643+00:00
AVRO-720,2011-02-04 07:26:34.271446243+00:00
AVRO-719,2011-04-30 06:48:56.676398736+00:00
AVRO-718,2011-02-02 19:44:13.980412296+00:00
AVRO-717,2011-03-27 00:22:30.794320772+00:00
AVRO-716,2011-01-07 23:22:23.745649770+00:00
AVRO-715,2011-02-07 11:28:05.856267902+00:00
AVRO-714,2011-02-08 02:59:37.014615642+00:00
AVRO-713,2011-10-11 03:55:49.152470146+00:00
AVRO-712,2011-12-25 16:37:31.352568932+00:00
AVRO-711,2010-12-17 14:09:58.563926608+00:00
AVRO-710,2010-12-26 11:42:42.126534187+00:00
AVRO-709,2011-04-21 01:37:39.237390514+00:00
AVRO-708,2011-01-17 14:06:37.430605412+00:00
AVRO-707,2011-01-31 12:38:18.058336563+00:00
AVRO-706,2011-01-29 16:13:21.968903894+00:00
AVRO-705,2010-12-24 20:57:22.398136080+00:00
AVRO-704,2011-01-05 00:50:05.885296172+00:00
AVRO-703,2011-04-03 11:53:12.197979345+00:00
AVRO-702,2010-12-28 08:01:21.975896243+00:00
AVRO-701,2011-04-07 20:30:28.979351544+00:00
AVRO-700,2011-01-07 05:32:13.951540698+00:00
AVRO-699,2010-12-17 15:55:46.545789918+00:00
AVRO-698,2011-01-28 11:36:01.744679948+00:00
AVRO-697,2010-11-20 23:50:40.387842498+00:00
AVRO-696,2010-12-19 00:03:26.226968613+00:00
AVRO-695,2016-02-09 21:23:18.692367934+00:00
AVRO-694,2010-12-22 03:41:17.962244231+00:00
AVRO-693,2011-01-02 14:41:26.035185571+00:00
AVRO-692,2011-01-17 01:04:10.321974186+00:00
AVRO-691,2011-06-05 08:44:53.215361445+00:00
AVRO-690,2011-06-03 05:34:14.262403009+00:00
AVRO-689,2011-01-12 12:21:22.753746528+00:00
AVRO-688,2011-01-12 17:04:02.461247738+00:00
AVRO-687,2011-01-11 00:39:36.737062728+00:00
AVRO-685,2010-12-01 11:51:10.575131716+00:00
AVRO-684,2010-12-21 03:59:25.967016217+00:00
AVRO-683,2011-01-30 09:20:28.733873058+00:00
AVRO-682,2011-01-18 10:19:34.077957841+00:00
AVRO-681,2010-12-12 10:15:25.167649570+00:00
AVRO-680,2016-05-03 19:40:58.822527569+00:00
AVRO-679,2011-02-14 15:50:17.984264559+00:00
AVRO-678,2010-12-24 18:01:28.016138312+00:00
AVRO-677,2012-11-01 17:26:03.506396814+00:00
AVRO-676,2010-11-03 12:01:20.626539136+00:00
AVRO-675,2010-11-26 18:51:36.464450125+00:00
AVRO-674,2011-05-15 00:29:10.204410769+00:00
AVRO-673,2010-10-15 02:22:16.528413021+00:00
AVRO-672,2013-02-16 02:13:29.098554167+00:00
AVRO-671,2010-12-03 21:30:01.102052640+00:00
AVRO-670,2011-05-03 01:00:44.928765574+00:00
AVRO-669,2011-06-12 20:26:20.400857048+00:00
AVRO-668,2010-10-24 05:17:08.179608643+00:00
AVRO-667,2010-09-27 01:53:55.882751938+00:00
AVRO-666,2010-10-13 03:30:55.595243251+00:00
AVRO-665,2010-10-07 16:53:22.701145227+00:00
AVRO-664,2010-09-20 03:16:50.479199237+00:00
AVRO-663,2011-01-11 00:11:59.798490483+00:00
AVRO-662,2010-10-01 15:18:56.380753860+00:00
AVRO-661,2010-10-14 02:54:20.674699094+00:00
AVRO-660,2010-10-14 21:45:58.166974261+00:00
AVRO-659,2011-05-29 17:02:26.121724745+00:00
AVRO-658,2011-05-29 16:59:38.246985618+00:00
AVRO-657,2010-10-01 06:18:25.086474845+00:00
AVRO-656,2010-10-29 07:27:57.712572873+00:00
AVRO-655,2010-10-03 14:04:07.355898442+00:00
AVRO-654,2010-09-20 21:04:57.328152560+00:00
AVRO-653,2010-09-13 21:36:21.194459117+00:00
AVRO-652,2010-09-13 20:28:59.516458202+00:00
AVRO-651,2010-09-20 00:17:24.950498614+00:00
AVRO-650,2010-09-27 23:00:44.967677101+00:00
AVRO-649,2010-09-16 08:54:14.973719944+00:00
AVRO-648,2010-12-09 19:26:10.083419266+00:00
AVRO-647,2010-12-30 06:16:10.955718056+00:00
AVRO-646,2010-09-18 01:49:23.290557604+00:00
AVRO-645,2010-09-06 12:57:09.937864083+00:00
AVRO-644,2010-12-16 04:21:18.744957182+00:00
AVRO-643,2010-11-27 11:54:36.402114185+00:00
AVRO-642,2010-12-20 21:52:30.343997312+00:00
AVRO-641,2011-08-06 20:22:54.418250028+00:00
AVRO-640,2010-09-30 12:02:06.778117121+00:00
AVRO-639,2010-09-12 01:22:29.928988928+00:00
AVRO-638,2011-06-19 02:33:38.585134157+00:00
AVRO-636,2010-08-27 02:42:17.765302969+00:00
AVRO-635,2011-12-14 12:24:01.494338365+00:00
AVRO-634,2010-09-29 14:49:24.545196759+00:00
AVRO-633,2010-10-03 18:34:46.671499537+00:00
AVRO-632,2010-08-27 13:20:25.181474921+00:00
AVRO-631,2010-09-21 05:14:35.829176793+00:00
AVRO-630,2011-03-15 20:22:30.136450753+00:00
AVRO-629,2011-06-01 05:58:52.434551046+00:00
AVRO-628,2010-12-10 02:45:18.522317001+00:00
AVRO-627,2010-09-03 06:06:33.022548049+00:00
AVRO-626,2010-08-29 04:57:44.573826231+00:00
AVRO-625,2012-05-11 23:09:03.765365621+00:00
AVRO-624,2010-09-07 09:42:35.051713344+00:00
AVRO-623,2010-12-31 10:35:06.317291912+00:00
AVRO-622,2010-08-30 17:52:59.311582835+00:00
AVRO-621,2010-12-08 01:30:14.473317001+00:00
AVRO-620,2010-08-25 18:47:37.987068777+00:00
AVRO-619,2010-09-30 16:14:11.939832755+00:00
AVRO-618,2010-08-23 15:06:20.422775945+00:00
AVRO-617,2010-08-19 19:15:21.457391425+00:00
AVRO-616,2010-08-25 04:24:52.434807037+00:00
AVRO-615,2010-08-18 07:00:18.521499715+00:00
AVRO-614,2011-03-22 11:46:03.509376178+00:00
AVRO-613,2011-03-22 09:20:18.068266629+00:00
AVRO-612,2011-04-01 05:32:29.178914903+00:00
AVRO-611,2010-08-14 13:54:28.812086418+00:00
AVRO-610,2010-08-14 22:50:55.290174793+00:00
AVRO-609,2010-08-14 21:45:43.240053462+00:00
AVRO-608,2010-08-07 17:05:52.071200970+00:00
AVRO-607,2016-06-23 17:23:51.459977244+00:00
AVRO-606,2011-11-27 06:28:00.912236137+00:00
AVRO-605,2010-10-26 11:19:33.608210732+00:00
AVRO-604,2010-08-18 20:02:51.424204976+00:00
AVRO-603,2010-09-16 22:33:02.838378555+00:00
AVRO-602,2010-08-08 04:01:28.740088460+00:00
AVRO-601,2010-08-22 00:35:53.946724243+00:00
AVRO-600,2010-08-20 18:28:46.856384914+00:00
AVRO-599,2010-09-19 04:52:40.016759331+00:00
AVRO-598,2010-07-31 09:11:28.996427363+00:00
AVRO-597,2010-09-17 14:23:39.530313891+00:00
AVRO-596,2010-08-01 08:21:17.927946702+00:00
AVRO-595,2011-11-15 20:26:49.995804610+00:00
AVRO-594,2010-08-18 12:33:01.236614276+00:00
AVRO-593,2012-04-29 04:57:41.155774422+00:00
AVRO-592,2010-08-20 02:57:57.686472650+00:00
AVRO-591,2010-08-13 19:24:19.245259313+00:00
AVRO-590,2010-07-28 01:02:15.440111205+00:00
AVRO-589,2010-07-06 06:34:52.136161100+00:00
AVRO-588,2010-09-05 17:51:46.949296515+00:00
AVRO-586,2010-08-21 08:19:55.842166072+00:00
AVRO-585,2011-01-27 01:56:46.938230120+00:00
AVRO-584,2011-02-25 03:06:57.132146021+00:00
AVRO-583,2010-08-21 18:29:32.715884730+00:00
AVRO-582,2010-08-07 18:41:59.008522027+00:00
AVRO-581,2010-08-03 07:48:23.271425723+00:00
AVRO-580,2010-08-03 07:42:48.992076311+00:00
AVRO-579,2011-03-01 13:36:42.175046178+00:00
AVRO-578,2010-07-04 05:48:05.004938354+00:00
AVRO-577,2010-08-02 16:52:37.556722538+00:00
AVRO-576,2011-02-25 01:31:26.254530610+00:00
AVRO-575,2011-10-04 20:46:13.139253064+00:00
AVRO-574,2010-07-19 05:32:06.525791261+00:00
AVRO-573,2010-08-09 23:51:12.321910258+00:00
AVRO-572,2011-01-24 00:34:15.994463995+00:00
AVRO-571,2010-08-08 20:27:19.558574974+00:00
AVRO-570,2013-03-24 20:48:25.578235694+00:00
AVRO-569,2010-07-09 04:53:15.880024265+00:00
AVRO-568,2011-01-22 19:22:47.314766344+00:00
AVRO-567,2010-07-24 21:44:02.711416755+00:00
AVRO-566,2010-09-03 12:59:22.598871711+00:00
AVRO-565,2011-08-22 02:17:22.716377226+00:00
AVRO-564,2010-07-12 06:32:17.025412730+00:00
AVRO-563,2010-07-12 06:27:57.180512331+00:00
AVRO-562,2010-07-10 22:51:39.367884426+00:00
AVRO-561,2011-04-12 20:41:22.309278146+00:00
AVRO-560,2010-07-10 19:38:41.853162792+00:00
AVRO-559,2010-07-14 10:35:13.551548819+00:00
AVRO-558,2010-08-02 07:19:57.333044917+00:00
AVRO-557,2010-07-18 08:11:16.025175950+00:00
AVRO-556,2010-06-03 15:15:43.743906081+00:00
AVRO-555,2010-07-08 10:44:56.149021817+00:00
AVRO-554,2010-06-16 00:03:31.029132927+00:00
AVRO-553,2010-11-01 21:15:12.820064630+00:00
AVRO-551,2012-03-09 14:22:13.423614617+00:00
AVRO-550,2012-03-09 14:07:42.379824920+00:00
AVRO-548,2010-06-16 19:06:18.996333478+00:00
AVRO-547,2011-04-04 08:20:01.520273877+00:00
AVRO-546,2011-04-08 10:39:46.277663823+00:00
AVRO-545,2010-10-14 22:44:04.653648503+00:00
AVRO-544,2010-08-10 19:11:40.841251988+00:00
AVRO-543,2010-07-18 16:55:24.529151496+00:00
AVRO-542,2010-06-05 22:55:49.754328974+00:00
AVRO-541,2010-06-17 04:42:52.283597186+00:00
AVRO-540,2010-07-26 17:57:03.685213138+00:00
AVRO-539,2011-03-27 22:48:41.690973869+00:00
AVRO-538,2010-06-04 20:07:06.885912678+00:00
AVRO-537,2011-03-19 11:46:05.933049107+00:00
AVRO-536,2010-08-02 01:22:59.078477509+00:00
AVRO-535,2010-05-29 08:21:50.965715352+00:00
AVRO-534,2010-08-01 22:24:28.000560796+00:00
AVRO-533,2010-12-05 11:16:23.622563637+00:00
AVRO-532,2010-07-17 03:26:16.285776106+00:00
AVRO-531,2010-06-16 19:35:01.520087656+00:00
AVRO-530,2011-09-08 00:41:13.453407663+00:00
AVRO-529,2010-06-05 16:40:47.476150532+00:00
AVRO-528,2010-08-28 18:44:51.157892622+00:00
AVRO-527,2010-07-01 03:10:26.168525790+00:00
AVRO-526,2010-07-18 20:30:25.027856396+00:00
AVRO-525,2010-07-18 20:27:55.105986036+00:00
AVRO-524,2010-04-25 14:04:41.668837936+00:00
AVRO-523,2014-09-09 21:12:19.822625197+00:00
AVRO-522,2014-09-09 20:53:14.660192290+00:00
AVRO-521,2010-06-03 00:07:08.651816519+00:00
AVRO-520,2010-04-24 07:34:29.043756493+00:00
AVRO-519,2015-12-11 13:55:56.847688379+00:00
AVRO-518,2012-03-25 00:55:16.272038289+00:00
AVRO-517,2010-05-07 23:37:11.036262057+00:00
AVRO-516,2010-06-14 11:35:41.029321922+00:00
AVRO-515,2010-06-01 02:55:34.870167998+00:00
AVRO-514,2010-06-30 17:47:01.880561193+00:00
AVRO-513,2010-07-04 02:19:57.672653751+00:00
AVRO-512,2010-11-23 12:31:50.707744132+00:00
AVRO-511,2010-06-29 10:26:33.896334786+00:00
AVRO-510,2010-06-26 19:16:47.990400301+00:00
AVRO-509,2010-05-07 15:21:58.470691157+00:00
AVRO-508,2010-06-15 21:00:32.628261695+00:00
AVRO-507,2011-03-17 19:08:59.680715479+00:00
AVRO-506,2010-05-26 11:08:58.931657312+00:00
AVRO-505,2010-07-03 20:56:39.687094421+00:00
AVRO-504,2010-06-28 20:48:19.928046637+00:00
AVRO-503,2010-04-17 02:43:45.092425013+00:00
AVRO-502,2010-06-25 19:55:32.716329970+00:00
AVRO-500,2010-06-10 01:14:46.212858862+00:00
AVRO-499,2010-12-09 10:47:20.008831495+00:00
AVRO-498,2010-06-16 06:43:02.645036426+00:00
AVRO-497,2010-06-14 09:07:47.893406884+00:00
AVRO-496,2010-06-07 13:45:43.755796150+00:00
AVRO-495,2010-07-06 15:50:52.695365929+00:00
AVRO-494,2010-07-08 23:30:09.615559182+00:00
AVRO-493,2010-06-26 06:18:43.391695860+00:00
AVRO-492,2010-04-27 20:13:18.037786997+00:00
AVRO-491,2010-07-09 18:51:34.012990333+00:00
AVRO-490,2010-04-07 01:21:47.968203626+00:00
AVRO-489,2010-07-18 22:15:00.332416849+00:00
AVRO-488,2010-04-06 03:41:44.753438437+00:00
AVRO-487,2010-03-26 15:46:11.908209735+00:00
AVRO-486,2010-07-06 21:44:36.126016407+00:00
AVRO-485,2011-11-14 05:42:35.544954113+00:00
AVRO-484,2010-03-31 20:28:50.560993076+00:00
AVRO-483,2010-04-16 10:50:30.201137026+00:00
AVRO-482,2010-11-13 02:06:45.343068801+00:00
AVRO-481,2010-07-17 15:56:47.509293957+00:00
AVRO-480,2010-06-29 13:32:02.523635084+00:00
AVRO-479,2010-03-18 23:44:26.495411699+00:00
AVRO-478,2011-01-29 07:53:02.089127345+00:00
AVRO-477,2010-07-18 01:07:34.587781664+00:00
AVRO-476,2010-07-09 03:38:01.409194371+00:00
AVRO-475,2011-04-21 17:30:34.295832119+00:00
AVRO-474,2011-04-21 17:29:51.678715806+00:00
AVRO-473,2011-04-21 17:28:30.125873976+00:00
AVRO-472,2011-04-21 17:27:45.798089839+00:00
AVRO-471,2011-04-21 17:27:15.771222759+00:00
AVRO-470,2011-03-12 00:10:11.813249337+00:00
AVRO-469,2011-03-12 00:09:19.366139532+00:00
AVRO-468,2011-04-21 17:24:26.646824772+00:00
AVRO-467,2011-04-30 14:05:00.625041317+00:00
AVRO-465,2010-07-16 07:23:24.217405374+00:00
AVRO-464,2011-03-20 07:28:33.217472803+00:00
AVRO-463,2010-09-28 20:58:29.290397414+00:00
AVRO-462,2013-04-02 17:16:20.995509919+00:00
AVRO-461,2010-05-31 03:14:10.362211672+00:00
AVRO-460,2010-07-09 19:27:40.799035988+00:00
AVRO-459,2010-11-05 04:15:12.394301253+00:00
AVRO-458,2011-03-09 04:01:07.591838254+00:00
AVRO-457,2013-03-04 14:05:06.825554120+00:00
AVRO-456,2011-03-01 08:49:17.258613138+00:00
AVRO-455,2010-03-19 03:42:39.850020069+00:00
AVRO-454,2010-03-19 22:42:44.668819745+00:00
AVRO-453,2010-07-06 07:30:25.986485597+00:00
AVRO-452,2010-07-06 07:29:06.088317637+00:00
AVRO-451,2010-06-03 21:28:58.121520718+00:00
AVRO-450,2010-03-15 10:43:35.672761108+00:00
AVRO-449,2010-07-06 01:21:37.948615414+00:00
AVRO-448,2010-06-17 09:45:01.524123381+00:00
AVRO-447,2010-04-27 20:57:11.250491093+00:00
AVRO-446,2010-03-22 06:05:36.548318474+00:00
AVRO-445,2010-06-30 10:08:56.355662914+00:00
AVRO-444,2010-07-04 19:00:39.162897601+00:00
AVRO-443,2010-06-25 20:22:39.856756127+00:00
AVRO-442,2010-06-25 20:20:17.359429800+00:00
AVRO-440,2010-06-16 23:25:49.029962010+00:00
AVRO-439,2010-07-20 06:14:01.575460071+00:00
AVRO-438,2010-04-01 04:59:07.770002758+00:00
AVRO-437,2010-03-14 03:38:47.463483181+00:00
AVRO-436,2010-03-14 02:52:54.492059976+00:00
AVRO-435,2014-03-16 13:55:05.042061093+00:00
AVRO-434,2010-06-13 21:10:14.823247173+00:00
AVRO-433,2010-03-02 12:27:59.692022637+00:00
AVRO-432,2010-03-15 07:44:25.413720618+00:00
AVRO-431,2010-03-01 22:31:32.551213990+00:00
AVRO-430,2010-03-05 12:29:30.988514124+00:00
AVRO-428,2010-03-05 02:22:04.948123507+00:00
AVRO-427,2011-02-01 21:05:37.754256100+00:00
AVRO-426,2010-03-14 10:54:08.291873670+00:00
AVRO-425,2010-03-04 04:52:03.190501582+00:00
AVRO-424,2011-01-24 21:33:42.035465045+00:00
AVRO-423,2010-03-15 17:53:33.110044176+00:00
AVRO-422,2010-03-10 00:12:28.104636994+00:00
AVRO-421,2010-02-22 05:56:08.142478326+00:00
AVRO-420,2010-06-29 00:53:10.434901960+00:00
AVRO-419,2010-02-21 14:58:34.803725536+00:00
AVRO-417,2010-03-01 06:33:43.607977464+00:00
AVRO-416,2010-03-10 10:37:31.468496643+00:00
AVRO-415,2010-03-27 11:21:20.712106204+00:00
AVRO-414,2010-03-12 11:15:43.781794047+00:00
AVRO-413,2010-03-23 15:12:50.631526503+00:00
AVRO-412,2010-02-26 11:07:32.389631114+00:00
AVRO-411,2010-03-23 05:48:41.991638408+00:00
AVRO-410,2011-02-18 22:54:59.604640453+00:00
AVRO-409,2010-02-24 15:54:59.545246584+00:00
AVRO-408,2010-12-31 23:59:50.108143701+00:00
AVRO-407,2010-03-06 16:33:26.328911492+00:00
AVRO-406,2013-06-15 12:27:18.187345365+00:00
AVRO-405,2011-09-25 08:34:52.669779887+00:00
AVRO-404,2010-07-29 13:08:24.472899699+00:00
AVRO-403,2010-02-24 12:41:18.441429837+00:00
AVRO-402,2010-02-19 14:40:50.541844493+00:00
AVRO-401,2010-02-09 14:01:46.416825625+00:00
AVRO-400,2010-04-28 20:17:06.994612570+00:00
AVRO-399,2010-03-25 10:28:58.125966554+00:00
AVRO-398,2010-03-26 12:36:40.788341652+00:00
AVRO-397,2010-04-21 03:16:11.238442707+00:00
AVRO-396,2011-02-26 07:09:44.402496549+00:00
AVRO-395,2010-04-13 03:55:08.384464077+00:00
AVRO-394,2010-02-23 14:06:51.789302883+00:00
AVRO-393,2011-03-12 16:09:29.812496066+00:00
AVRO-392,2010-02-24 16:48:45.913427591+00:00
AVRO-391,2010-02-20 21:28:16.256153028+00:00
AVRO-390,2010-02-13 06:27:56.261118458+00:00
AVRO-389,2010-02-13 05:37:47.495526311+00:00
AVRO-388,2010-02-05 06:09:12.867067838+00:00
AVRO-387,2010-01-30 21:13:58.730639030+00:00
AVRO-386,2010-02-17 08:53:59.029805250+00:00
AVRO-385,2010-02-08 03:44:21.226145505+00:00
AVRO-384,2010-02-20 03:50:35.681143391+00:00
AVRO-382,2010-01-27 10:00:26.765829037+00:00
AVRO-381,2010-02-19 15:58:22.126933697+00:00
AVRO-380,2010-03-08 14:30:45.379854800+00:00
AVRO-379,2010-02-19 14:50:06.185600534+00:00
AVRO-378,2010-02-19 12:27:07.374644728+00:00
AVRO-377,2010-02-19 03:11:25.279989218+00:00
AVRO-376,2013-12-12 16:40:03.099787557+00:00
AVRO-375,2010-02-03 08:36:38.574148739+00:00
AVRO-374,2010-01-31 06:05:16.476957089+00:00
AVRO-373,2010-02-03 16:23:11.802797340+00:00
AVRO-372,2010-10-26 12:33:09.358656896+00:00
AVRO-371,2010-02-17 15:13:33.624933690+00:00
AVRO-370,2010-02-17 14:27:59.182454578+00:00
AVRO-369,2010-02-17 13:38:17.148932730+00:00
AVRO-368,2010-01-31 19:37:18.695967596+00:00
AVRO-367,2010-02-17 12:21:46.176461702+00:00
AVRO-366,2010-06-23 18:18:13.914314115+00:00
AVRO-365,2010-02-13 19:54:07.901840264+00:00
AVRO-364,2010-02-17 00:53:06.117655492+00:00
AVRO-363,2010-02-13 03:10:04.414850045+00:00
AVRO-362,2010-03-18 08:41:51.943243273+00:00
AVRO-361,2010-01-26 10:15:15.007695755+00:00
AVRO-360,2010-02-03 07:46:12.687483032+00:00
AVRO-359,2010-02-16 14:14:43.671739663+00:00
AVRO-358,2010-05-03 19:34:11.783300039+00:00
AVRO-357,2010-01-24 03:25:14.364426131+00:00
AVRO-356,2010-01-29 07:04:54.514664350+00:00
AVRO-355,2010-02-05 13:52:37.214855229+00:00
AVRO-354,2010-02-23 07:11:00.177877269+00:00
AVRO-353,2010-02-16 02:14:58.677355014+00:00
AVRO-352,2010-01-29 08:36:20.459316698+00:00
AVRO-351,2011-01-06 11:43:45.576650605+00:00
AVRO-350,2010-01-29 18:41:40.803450613+00:00
AVRO-349,2010-02-01 13:29:03.239046247+00:00
AVRO-348,2011-01-19 05:18:42.454235348+00:00
AVRO-347,2010-01-28 13:04:01.874795717+00:00
AVRO-346,2010-02-10 19:47:23.813420137+00:00
AVRO-345,2010-01-29 08:27:46.997889995+00:00
AVRO-344,2010-02-14 03:17:24.349819881+00:00
AVRO-343,2010-02-26 01:35:13.711971927+00:00
AVRO-342,2010-02-16 14:47:13.528366748+00:00
AVRO-341,2010-07-09 09:45:35.057495430+00:00
AVRO-340,2010-02-16 14:24:43.404828040+00:00
AVRO-339,2010-02-10 09:43:17.314146672+00:00
AVRO-338,2010-01-17 14:56:25.269593726+00:00
AVRO-337,2010-01-19 20:08:03.176497688+00:00
AVRO-336,2010-02-14 00:50:20.969475457+00:00
AVRO-335,2010-01-29 10:16:07.042323704+00:00
AVRO-334,2010-03-25 05:40:09.841559483+00:00
AVRO-333,2010-04-30 01:56:16.723981941+00:00
AVRO-332,2010-02-19 09:43:08.564753778+00:00
AVRO-331,2010-06-10 21:59:44.326076310+00:00
AVRO-330,2010-03-11 06:28:22.361031313+00:00
AVRO-329,2010-02-21 00:50:49.138172916+00:00
AVRO-328,2010-01-28 09:58:29.446465638+00:00
AVRO-327,2010-01-28 10:30:29.683573237+00:00
AVRO-326,2011-01-28 14:27:54.015772813+00:00
AVRO-325,2010-03-09 17:47:49.688746560+00:00
AVRO-324,2010-03-26 11:49:14.378615391+00:00
AVRO-323,2010-03-06 13:18:50.873019601+00:00
AVRO-322,2010-03-05 22:05:05.735571367+00:00
AVRO-321,2010-03-15 06:26:50.487942658+00:00
AVRO-320,2010-02-15 14:42:56.918517718+00:00
AVRO-319,2012-03-01 06:08:29.748996408+00:00
AVRO-318,2010-01-31 11:16:46.876597719+00:00
AVRO-317,2010-02-19 23:44:58.820646570+00:00
AVRO-315,2010-01-27 18:10:32.168999408+00:00
AVRO-314,2010-10-04 23:49:54.922462907+00:00
AVRO-312,2010-02-17 13:49:51.369899328+00:00
AVRO-311,2010-06-30 20:56:16.368906212+00:00
AVRO-310,2010-02-15 02:37:29.722368590+00:00
AVRO-309,2010-02-20 04:51:11.993081429+00:00
AVRO-308,2010-02-20 04:44:40.730413834+00:00
AVRO-307,2011-01-27 13:17:28.738559690+00:00
AVRO-306,2010-01-25 07:26:14.697397646+00:00
AVRO-305,2012-10-02 20:43:15.725027335+00:00
AVRO-304,2010-01-26 13:43:36.517461367+00:00
AVRO-303,2011-02-07 17:10:14.702376084+00:00
AVRO-302,2010-03-04 01:28:49.683436357+00:00
AVRO-301,2011-06-03 16:04:25.475676252+00:00
AVRO-300,2011-04-11 07:15:57.988226415+00:00
AVRO-299,2010-03-12 12:15:53.996442320+00:00
AVRO-298,2010-02-07 01:18:41.476590323+00:00
AVRO-297,2010-02-22 06:21:33.226184325+00:00
AVRO-296,2010-09-23 13:43:14.321252503+00:00
AVRO-295,2010-02-06 09:49:22.157786013+00:00
AVRO-294,2010-03-07 08:56:12.876081425+00:00
AVRO-293,2010-03-11 17:43:35.945515068+00:00
AVRO-292,2010-03-11 08:51:18.794914626+00:00
AVRO-291,2010-01-18 17:58:23.383424255+00:00
AVRO-289,2010-03-10 09:21:24.019404062+00:00
AVRO-288,2010-03-05 23:00:13.843847854+00:00
AVRO-287,2010-03-10 09:20:30.220038608+00:00
AVRO-286,2010-01-12 23:07:43.738330422+00:00
AVRO-285,2010-05-13 22:27:14.171034746+00:00
AVRO-283,2011-11-09 08:05:05.400711886+00:00
AVRO-282,2010-02-02 12:24:19.876033031+00:00
AVRO-281,2010-01-05 10:18:19.991492462+00:00
AVRO-280,2010-02-15 16:51:47.098563424+00:00
AVRO-279,2011-01-08 07:27:15.617918900+00:00
AVRO-278,2010-02-09 05:05:54.393593897+00:00
AVRO-277,2010-07-28 07:46:40.336841220+00:00
AVRO-276,2010-01-31 20:34:24.342349913+00:00
AVRO-275,2010-02-14 02:15:48.040283884+00:00
AVRO-274,2010-02-04 16:00:07.927751649+00:00
AVRO-273,2010-02-13 17:50:48.532975068+00:00
AVRO-272,2010-01-29 01:35:04.018605212+00:00
AVRO-271,2010-01-29 01:26:36.219013769+00:00
AVRO-270,2009-12-31 14:44:05.227245400+00:00
AVRO-269,2010-02-22 11:19:33.929237994+00:00
AVRO-268,2010-02-05 16:35:22.610278954+00:00
AVRO-267,2010-01-28 13:50:13.989206200+00:00
AVRO-266,2011-06-17 01:26:13.669672998+00:00
AVRO-265,2010-06-04 23:27:15.529187610+00:00
AVRO-264,2010-02-27 17:26:22.915744264+00:00
AVRO-263,2010-07-28 10:44:22.426826134+00:00
AVRO-262,2010-02-09 07:43:05.547926355+00:00
AVRO-261,2010-02-01 22:05:09.305219036+00:00
AVRO-260,2010-01-20 14:59:50.279886794+00:00
AVRO-259,2010-02-05 03:52:09.625004385+00:00
AVRO-258,2010-07-06 03:48:00.692405786+00:00
AVRO-257,2010-02-03 17:52:52.673918527+00:00
AVRO-256,2010-01-13 22:48:54.011092527+00:00
AVRO-255,2010-01-13 22:47:28.527403402+00:00
AVRO-254,2011-01-12 19:28:18.395005065+00:00
AVRO-253,2010-02-23 14:57:35.791690714+00:00
AVRO-252,2010-02-09 11:51:20.286472846+00:00
AVRO-251,2012-05-04 02:53:01.329063897+00:00
AVRO-250,2010-01-24 08:27:18.998838746+00:00
AVRO-249,2010-01-26 07:41:39.095183972+00:00
AVRO-248,2010-05-03 20:06:22.293708065+00:00
AVRO-247,2010-01-02 06:25:31.298331106+00:00
AVRO-246,2010-12-16 05:06:46.398655629+00:00
AVRO-245,2010-01-29 21:45:17.670962218+00:00
AVRO-244,2010-12-28 10:44:20.989552445+00:00
AVRO-243,2010-01-07 19:46:05.226800174+00:00
AVRO-242,2010-01-17 21:22:21.485862463+00:00
AVRO-241,2010-01-22 07:20:44.765608553+00:00
AVRO-240,2010-02-13 16:22:36.251138875+00:00
AVRO-239,2009-12-26 11:14:41.441024265+00:00
AVRO-238,2010-11-28 08:58:18.749643157+00:00
AVRO-237,2010-01-21 19:34:33.086992204+00:00
AVRO-236,2010-01-21 18:12:38.972185479+00:00
AVRO-235,2011-01-06 22:03:18.696971946+00:00
AVRO-234,2010-01-03 17:12:42.025272068+00:00
AVRO-233,2010-01-13 18:02:25.442102506+00:00
AVRO-232,2009-12-16 13:39:36.766254185+00:00
AVRO-231,2010-01-03 02:39:57.022447093+00:00
AVRO-230,2012-10-30 13:57:24.636518828+00:00
AVRO-229,2010-01-20 07:21:27.302845876+00:00
AVRO-228,2010-06-26 11:33:06.932295602+00:00
AVRO-227,2010-06-08 21:38:00.202221002+00:00
AVRO-226,2010-01-27 05:38:55.876861578+00:00
AVRO-225,2010-01-01 18:07:25.794500791+00:00
AVRO-224,2010-01-16 22:27:33.617279365+00:00
AVRO-223,2010-01-11 02:32:55.962386272+00:00
AVRO-222,2010-01-24 21:31:22.792789229+00:00
AVRO-221,2010-01-13 05:49:00.110744193+00:00
AVRO-220,2010-01-02 17:16:52.372893758+00:00
AVRO-219,2010-02-10 18:49:51.239710642+00:00
AVRO-218,2010-02-10 20:59:58.838036352+00:00
AVRO-217,2012-08-02 01:48:54.159705902+00:00
AVRO-216,2010-02-10 18:34:05.770707483+00:00
AVRO-215,2010-02-10 20:52:18.539995484+00:00
AVRO-214,2010-12-21 17:02:33.676578661+00:00
AVRO-213,2010-12-12 21:11:02.272923646+00:00
AVRO-212,2009-12-13 10:47:06.084457141+00:00
AVRO-211,2009-12-13 14:15:54.755833263+00:00
AVRO-210,2009-12-13 14:14:51.966792338+00:00
AVRO-209,2009-11-25 11:08:45.282147963+00:00
AVRO-208,2009-12-29 20:10:39.151839235+00:00
AVRO-207,2010-01-13 21:49:46.920802692+00:00
AVRO-206,2009-12-31 13:19:00.457186258+00:00
AVRO-205,2010-01-01 15:41:08.968864145+00:00
AVRO-204,2010-01-01 05:41:25.555128903+00:00
AVRO-203,2010-02-09 07:30:07.161213772+00:00
AVRO-202,2010-02-24 21:05:27.631959559+00:00
AVRO-201,2010-02-09 07:03:40.628434987+00:00
AVRO-200,2012-07-23 10:57:16.119912929+00:00
AVRO-199,2010-02-09 04:23:29.028515302+00:00
AVRO-198,2009-12-28 16:15:05.290600370+00:00
AVRO-197,2009-12-31 05:50:34.566547378+00:00
AVRO-196,2010-11-26 15:38:44.414946780+00:00
AVRO-195,2010-01-13 11:19:52.190586697+00:00
AVRO-194,2009-12-12 10:26:01.952985968+00:00
AVRO-193,2010-11-03 07:59:01.693165485+00:00
AVRO-192,2010-01-30 21:52:59.313709219+00:00
AVRO-191,2009-12-29 13:48:31.917314684+00:00
AVRO-190,2009-12-29 05:58:12.037915022+00:00
AVRO-189,2010-01-12 19:06:47.061965679+00:00
AVRO-188,2010-01-28 08:56:25.506841193+00:00
AVRO-187,2010-01-12 01:03:51.178715955+00:00
AVRO-186,2010-01-11 11:54:16.472192298+00:00
AVRO-185,2010-01-12 20:49:56.731953383+00:00
AVRO-184,2009-12-23 01:12:52.598604713+00:00
AVRO-183,2010-03-03 03:56:53.193699037+00:00
AVRO-182,2009-12-25 14:40:33.359936541+00:00
AVRO-181,2010-11-04 11:42:46.784658819+00:00
AVRO-180,2009-12-25 16:27:01.213049248+00:00
AVRO-179,2010-01-08 10:28:33.286416914+00:00
AVRO-178,2010-12-02 07:54:58.285205076+00:00
AVRO-177,2010-01-09 08:13:36.787562739+00:00
AVRO-176,2009-12-05 12:41:31.781674486+00:00
AVRO-175,2010-01-06 07:50:10.909568036+00:00
AVRO-174,2010-02-02 21:26:09.986133614+00:00
AVRO-173,2010-12-07 23:32:12.035995430+00:00
AVRO-172,2010-01-04 20:45:54.401385228+00:00
AVRO-171,2009-12-04 23:41:51.414005689+00:00
AVRO-170,2009-12-04 17:23:00.629135391+00:00
AVRO-169,2010-02-10 18:48:31.753054337+00:00
AVRO-168,2010-01-02 21:16:04.241637833+00:00
AVRO-167,2009-12-29 10:10:03.588884121+00:00
AVRO-166,2010-11-22 12:41:35.560800084+00:00
AVRO-165,2009-12-27 06:09:22.250089099+00:00
AVRO-164,2009-12-30 07:52:40.195673729+00:00
AVRO-163,2009-12-17 04:09:35.107259925+00:00
AVRO-162,2009-12-15 04:04:42.246781052+00:00
AVRO-161,2010-01-31 15:03:30.115602081+00:00
AVRO-160,2010-01-04 09:17:32.617399336+00:00
AVRO-159,2011-01-09 16:22:50.308089105+00:00
AVRO-158,2010-01-23 03:35:07.098724447+00:00
AVRO-157,2009-12-18 17:33:50.387240587+00:00
AVRO-156,2011-01-03 08:39:58.577619462+00:00
AVRO-155,2010-01-26 08:13:00.421829146+00:00
AVRO-154,2010-11-15 14:48:52.997293455+00:00
AVRO-153,2010-04-29 19:45:14.343451993+00:00
AVRO-152,2010-11-15 13:11:00.356933135+00:00
AVRO-151,2009-12-26 00:12:15.993390146+00:00
AVRO-150,2010-03-18 17:03:29.797231336+00:00
AVRO-149,2009-12-21 23:56:16.264366773+00:00
AVRO-148,2009-12-15 09:38:23.946694378+00:00
AVRO-147,2009-12-15 09:25:10.114151779+00:00
AVRO-146,2010-11-14 11:57:14.790221342+00:00
AVRO-145,2009-10-30 18:24:12.667789448+00:00
AVRO-144,2010-01-26 05:34:55.244072627+00:00
AVRO-143,2009-10-26 21:38:39.351504706+00:00
AVRO-142,2010-01-10 07:20:32.000232375+00:00
AVRO-141,2009-11-20 19:41:51.549634441+00:00
AVRO-140,2009-10-21 00:51:56.043594039+00:00
AVRO-139,2009-10-16 14:14:49.517166957+00:00
AVRO-138,2010-10-16 16:52:12.288934247+00:00
AVRO-137,2010-12-26 11:55:53.319316453+00:00
AVRO-136,2009-12-25 16:50:43.885992562+00:00
AVRO-135,2009-11-21 10:45:08.190429141+00:00
AVRO-134,2010-10-15 18:02:20.932663695+00:00
AVRO-133,2009-11-02 17:52:45.517663084+00:00
AVRO-132,2009-10-18 21:57:15.310325548+00:00
AVRO-131,2010-10-31 05:13:21.989373083+00:00
AVRO-130,2009-12-04 22:53:40.342514428+00:00
AVRO-129,2009-10-12 03:14:22.279362529+00:00
AVRO-128,2010-11-30 08:47:26.884341167+00:00
AVRO-127,2010-11-10 06:28:27.079490+00:00
AVRO-126,2010-01-26 14:37:17.984000834+00:00
AVRO-125,2009-09-26 19:36:52.204435281+00:00
AVRO-123,2009-10-27 03:43:09.344283908+00:00
AVRO-122,2009-10-11 16:06:21.159947641+00:00
AVRO-121,2009-09-27 23:25:25.963799621+00:00
AVRO-120,2009-10-13 12:56:34.136183170+00:00
AVRO-119,2009-09-25 07:13:57.000889860+00:00
AVRO-118,2009-09-26 10:05:11.802934684+00:00
AVRO-117,2009-10-05 15:51:47.655138375+00:00
AVRO-116,2009-09-24 23:11:11.655172107+00:00
AVRO-115,2009-10-07 13:44:43.013737534+00:00
AVRO-114,2010-10-19 13:09:22.490526131+00:00
AVRO-113,2009-09-15 23:11:44.304408184+00:00
AVRO-112,2009-10-04 16:52:18.603337036+00:00
AVRO-111,2009-09-19 01:55:01.593973826+00:00
AVRO-110,2009-09-18 14:06:43.535256489+00:00
AVRO-109,2009-09-12 03:11:12.398620614+00:00
AVRO-108,2009-09-12 03:06:27.991717212+00:00
AVRO-107,2009-09-14 00:50:30.327567326+00:00
AVRO-106,2009-09-07 13:32:21.056066698+00:00
AVRO-105,2009-08-26 21:59:54.173638153+00:00
AVRO-104,2009-08-30 10:31:12.275187235+00:00
AVRO-102,2009-09-14 04:23:51.051113733+00:00
AVRO-101,2009-08-23 14:39:06.985117686+00:00
AVRO-100,2009-09-02 13:10:57.065147800+00:00
AVRO-99,2009-09-09 00:47:12.338163323+00:00
AVRO-98,2009-08-26 00:27:32.415843786+00:00
AVRO-97,2009-08-29 04:45:01.918816167+00:00
AVRO-96,2009-10-11 20:58:49.908448847+00:00
AVRO-95,2009-09-10 03:04:55.165285928+00:00
AVRO-94,2009-09-03 15:30:58.265437269+00:00
AVRO-93,2009-09-06 15:15:38.974296268+00:00
AVRO-92,2009-09-05 05:45:17.369882399+00:00
AVRO-91,2012-04-30 10:47:15.742589407+00:00
AVRO-90,2013-05-14 03:07:57.067046232+00:00
AVRO-89,2009-09-13 02:57:41.629116334+00:00
AVRO-88,2009-08-30 11:41:06.992511740+00:00
AVRO-87,2009-08-17 04:31:25.080847209+00:00
AVRO-86,2010-01-11 10:59:05.166237100+00:00
AVRO-85,2009-07-30 21:34:19.721689429+00:00
AVRO-84,2009-08-16 17:12:46.271016734+00:00
AVRO-83,2009-08-29 17:10:36.249734901+00:00
AVRO-82,2009-08-26 10:22:54.608557468+00:00
AVRO-81,2010-09-23 18:45:15.368593649+00:00
AVRO-80,2009-10-17 05:45:18.389591460+00:00
AVRO-79,2009-07-21 15:12:33.442952575+00:00
AVRO-78,2009-07-23 07:54:23.915199332+00:00
AVRO-77,2009-07-17 07:01:10.556441026+00:00
AVRO-76,2009-07-25 17:44:49.951715791+00:00
AVRO-75,2009-10-28 04:13:26.027140172+00:00
AVRO-74,2010-08-17 21:17:55.490258774+00:00
AVRO-73,2009-07-07 13:57:18.049876752+00:00
AVRO-72,2010-09-19 08:37:07.648255885+00:00
AVRO-71,2009-08-03 04:00:41.618625990+00:00
AVRO-70,2009-07-07 04:23:14.833352640+00:00
AVRO-69,2009-07-06 21:55:27.165499223+00:00
AVRO-68,2009-07-15 16:56:57.265105729+00:00
AVRO-67,2009-07-11 00:51:15.320342395+00:00
AVRO-66,2009-07-06 14:28:34.117788141+00:00
AVRO-65,2009-08-10 09:59:26.256362843+00:00
AVRO-64,2009-07-20 05:17:37.214166890+00:00
AVRO-63,2009-08-12 22:12:12.256383621+00:00
AVRO-62,2009-07-02 08:37:47.349476800+00:00
AVRO-61,2009-06-30 18:08:05.195107028+00:00
AVRO-60,2009-08-03 00:15:53.210576573+00:00
AVRO-59,2009-06-25 12:49:13.170956240+00:00
AVRO-58,2009-07-04 20:04:26.165432836+00:00
AVRO-57,2009-07-11 16:28:50.320764188+00:00
AVRO-56,2009-07-11 04:55:12.923407302+00:00
AVRO-55,2009-07-10 17:28:37.990828941+00:00
AVRO-54,2009-08-11 09:15:32.577388767+00:00
AVRO-53,2009-07-10 04:28:16.557985204+00:00
AVRO-52,2009-10-02 19:01:33.984671561+00:00
AVRO-51,2009-06-14 17:35:59.556244498+00:00
AVRO-50,2009-07-31 03:21:22.154586244+00:00
AVRO-49,2009-06-20 19:46:40.376533172+00:00
AVRO-48,2009-06-18 13:43:48.379192933+00:00
AVRO-47,2009-10-27 05:56:44.654731281+00:00
AVRO-46,2009-06-05 15:52:14.753497172+00:00
AVRO-45,2009-06-07 01:41:22.837216256+00:00
AVRO-44,2009-07-01 04:57:38.430113736+00:00
AVRO-43,2010-10-21 13:30:20.266946639+00:00
AVRO-42,2009-06-27 07:40:51.157463520+00:00
AVRO-41,2009-07-30 10:27:26.996959475+00:00
AVRO-40,2009-06-29 12:12:26.380073314+00:00
AVRO-39,2009-05-28 09:49:13.291016374+00:00
AVRO-38,2009-06-14 15:29:22.671645573+00:00
AVRO-37,2009-06-25 06:20:56.739672467+00:00
AVRO-36,2009-09-07 01:45:53.002368999+00:00
AVRO-35,2009-07-21 03:14:37.219276314+00:00
AVRO-34,2009-06-03 06:29:15.050331992+00:00
AVRO-33,2009-06-16 12:20:31.573563788+00:00
AVRO-32,2009-06-07 16:03:57.538471885+00:00
AVRO-31,2009-05-21 10:50:51.586452161+00:00
AVRO-30,2009-07-24 14:08:02.272714672+00:00
AVRO-29,2009-06-26 02:02:08.707555067+00:00
AVRO-28,2009-06-07 04:03:37.779772951+00:00
AVRO-27,2009-06-15 22:28:55.988756718+00:00
AVRO-26,2009-05-31 06:16:38.359425483+00:00
AVRO-25,2009-06-19 17:59:49.168170150+00:00
AVRO-24,2009-07-18 05:47:36.890786233+00:00
AVRO-23,2009-06-06 09:49:32.866079308+00:00
AVRO-21,2009-06-13 20:36:06.559972092+00:00
AVRO-20,2009-10-10 20:40:11.217709881+00:00
AVRO-19,2009-06-09 10:19:40.400738260+00:00
AVRO-18,2009-06-09 09:42:11.596392963+00:00
AVRO-17,2009-06-13 19:00:26.010354560+00:00
AVRO-16,2009-06-27 22:01:36.065761761+00:00
AVRO-15,2009-05-25 08:12:41.652596026+00:00
AVRO-14,2009-05-07 02:40:53.355333056+00:00
AVRO-13,2009-05-24 17:57:45.443239986+00:00
AVRO-12,2009-05-02 21:57:45.353453205+00:00
AVRO-11,2009-06-05 05:03:53.212241458+00:00
AVRO-10,2009-06-08 09:12:08.531720771+00:00
AVRO-9,2009-06-08 21:02:18.159871177+00:00
AVRO-8,2009-06-08 08:23:34.487259402+00:00
AVRO-7,2009-05-04 22:57:21.789309099+00:00
AVRO-6,2009-05-20 16:41:50.324440053+00:00
AVRO-5,2009-05-27 18:14:36.461775106+00:00
AVRO-4,2009-05-20 00:31:57.795660424+00:00
AVRO-3,2009-05-02 15:43:10.764138366+00:00
AVRO-2,2009-06-06 10:26:22.425701013+00:00
AVRO-1,2009-05-19 16:50:53.607404647+00:00
