created,full_resolution_time,from_last_update,from_create_to_update,issue_type,priority,description_length,summary_length,watch_count,comment_count,reporter_mean_FRT,reporter_mean_FLU,reporter_mean_FCTU,reporter,key,num_of_trans,classes_by_frt,classes_by_flu,classes_by_fctu,assignee_mean_FRT,assignee_mean_FLU,assignee_mean_FCTU
2018-04-06T13:45:28.721+0000,1529370.0410000002,0.02,1529370.061,2,4,1062.0,75,1,0,1632609.7227500002,0.0205,1632609.74325,jmukesh,AVRO-2169,2,3,0,3,0.0,0.0,0.0
2018-04-05T13:21:01.183+0000,1617216.1560000002,0.021,1617216.1770000001,6,4,272.0,64,1,1,1632609.7227500002,0.0205,1632609.74325,jmukesh,AVRO-2168,2,3,0,3,0.0,0.0,0.0
2018-04-04T16:39:43.364+0000,1691672.465,0.02,1691672.485,6,4,674.0,53,1,0,1632609.7227500002,0.0205,1632609.74325,jmukesh,AVRO-2167,2,3,0,3,0.0,0.0,0.0
2018-04-04T16:29:37.306+0000,1692180.229,0.021,1692180.25,6,4,1043.0,39,2,1,1632609.7227500002,0.0205,1632609.74325,jmukesh,AVRO-2166,2,3,0,3,0.0,0.0,0.0
2018-03-09T06:18:47.199+0000,469581.378,0.02,469581.39800000004,6,0,825.0,82,2,3,469581.378,0.02,469581.39800000004,maxenglander,AVRO-2157,3,2,0,2,469581.378,0.02,469581.39800000004
2018-03-02T18:35:14.411+0000,267199.95800000004,2678.637,269878.59500000003,6,0,1118.0,63,3,5,267199.95800000004,2678.637,269878.59500000003,phaas,AVRO-2152,2,1,0,1,0.0,0.0,0.0
2018-02-17T20:41:05.383+0000,1130652.982,1040.8110000000001,1131693.793,2,4,2736.0,81,3,6,1130652.982,1040.8110000000001,1131693.793,Tobi,AVRO-2147,3,3,0,3,1130652.982,1040.8110000000001,1131693.793
2018-02-12T16:12:41.548+0000,808810.469,0.016,808810.4850000001,2,4,753.0,66,3,6,672384.1640000001,0.0395,672384.2035000001,elmendavies,AVRO-2143,3,2,0,2,1945819.2326000002,15084.9666,1960904.1992000001
2018-01-18T09:09:35.958+0000,4075.891,0.035,4075.9260000000004,2,2,420.0,16,3,3,2978345.3860000004,1264079.8974166666,4242425.283416667,gszadovszky,AVRO-2133,3,0,0,0,3982094.9872500002,2159852.0315,6141947.018750001
2018-01-18T02:49:13.924+0000,3083836.889,17046.420000000002,3100883.3090000004,2,4,1096.0,66,5,15,3083836.889,17046.420000000002,3100883.3090000004,kdrakon,AVRO-2132,2,3,0,3,1945819.2326000002,15084.9666,1960904.1992000001
2018-01-16T03:29:26.908+0000,54250.431000000004,3318.324,57568.755000000005,5,4,651.0,76,2,2,54250.431000000004,3318.324,57568.755000000005,shabab,AVRO-2130,2,0,0,0,0.0,0.0,0.0
2018-01-03T12:17:52.782+0000,1727456.6760000002,83807.265,1811263.941,6,4,1140.0,50,5,17,1727456.6760000002,83807.265,1811263.941,bart,AVRO-2122,3,3,0,3,1727456.6760000002,83807.265,1811263.941
2017-12-18T11:55:31.686+0000,1290086.8350000002,0.058,1290086.8930000002,2,4,158.0,59,4,4,1290086.8350000002,0.058,1290086.8930000002,dsebastien,AVRO-2120,2,3,0,3,10537313.020615386,6116669.306807693,16653982.327423079
2017-12-14T10:13:17.491+0000,735291.5360000001,0.038,735291.574,2,4,237.0,40,3,6,1370064.9266190475,6135400.9613333335,7505465.88795238,nielsbasjes,AVRO-2119,2,2,0,2,10537313.020615386,6116669.306807693,16653982.327423079
2017-12-13T12:52:34.991+0000,811086.5120000001,4463141.068,5274227.58,6,4,,34,4,13,1370064.9266190475,6135400.9613333335,7505465.88795238,nielsbasjes,AVRO-2118,2,2,4,4,21623791.055200003,6625859.127600001,28249650.182800002
2017-12-12T13:15:21.428+0000,535957.859,0.063,535957.922,2,2,368.0,29,4,16,672384.1640000001,0.0395,672384.2035000001,elmendavies,AVRO-2115,2,2,0,2,535957.859,0.063,535957.922
2017-12-12T11:08:43.979+0000,292483.77,224789.377,517273.14700000006,2,2,3388.0,66,3,6,1370064.9266190475,6135400.9613333335,7505465.88795238,nielsbasjes,AVRO-2114,2,1,1,2,10537313.020615386,6116669.306807693,16653982.327423079
2017-12-08T18:15:08.745+0000,10008183.967,0.024,10008183.991,2,2,547.0,37,5,6,5022227.4645,0.0345,5022227.499,vimota,AVRO-2113,3,4,0,4,10514591.46,6812151.949333335,17326743.409333337
2017-12-05T10:18:17.431+0000,448.927,0.041,448.968,6,2,606.0,48,1,1,448.927,0.041,448.968,ambarishpande,AVRO-2110,2,0,0,0,0.0,0.0,0.0
2017-12-04T14:18:04.912+0000,2688176.176,0.14200000000000002,2688176.318,2,4,1001.0,36,6,6,2978345.3860000004,1264079.8974166666,4242425.283416667,gszadovszky,AVRO-2109,3,3,0,3,3982094.9872500002,2159852.0315,6141947.018750001
2017-11-23T11:25:03.145+0000,1224045.215,0.048,1224045.263,6,4,2279.0,59,2,2,1224045.215,0.048,1224045.263,darshanmehta2,AVRO-2107,2,3,0,3,0.0,0.0,0.0
2017-10-27T14:08:18.260+0000,360.39000000000004,0.037000000000000005,360.427,5,2,,47,2,3,17426385.895272728,2231948.798818182,19658334.694090907,busbey,AVRO-2102,2,0,0,0,4811732.2921,2455063.8024,7266796.094500001
2017-10-26T12:11:24.009+0000,1123046.3250000002,77221.119,1200267.4440000001,6,8,1219.0,29,1,1,1123046.3250000002,77221.119,1200267.4440000001,EddyA,AVRO-2101,2,3,0,3,0.0,0.0,0.0
2017-10-09T21:33:57.218+0000,4226566.53,0.043000000000000003,4226566.573,3,4,4273.0,68,2,5,2240920.9445,0.03950000000000001,2240920.984,karthikus,AVRO-2095,2,3,0,3,10514591.46,6812151.949333335,17326743.409333337
2017-10-06T22:27:57.299+0000,255275.35900000003,0.036000000000000004,255275.39500000002,6,4,198.0,88,1,0,2240920.9445,0.03950000000000001,2240920.984,karthikus,AVRO-2089,2,1,0,1,0.0,0.0,0.0
2017-10-06T12:08:53.887+0000,509800.12200000003,0.052000000000000005,509800.17400000006,5,4,955.0,63,2,5,509800.12200000003,0.052000000000000005,509800.17400000006,eliviu,AVRO-2088,2,2,0,2,4251433.235333334,24661.138000000003,4276094.373333334
2017-09-25T18:48:28.994+0000,16240903.767,0.028,16240903.795000002,6,2,952.0,28,4,5,16240903.767,0.028,16240903.795000002,pnayak,AVRO-2081,2,4,0,4,16240903.767,0.028,16240903.795000002
2017-09-20T13:46:39.262+0000,7243701.350000001,0.253,7243701.603,6,2,1710.0,41,3,5,7243701.350000001,0.253,7243701.603,howellbridger,AVRO-2080,3,4,0,4,7243701.350000001,0.253,7243701.603
2017-09-14T12:01:45.679+0000,67566.18800000001,0.038,67566.22600000001,0,4,462.0,55,2,2,1846500.0445,0.0385,1846500.083,erikvanoosten,AVRO-2076,2,0,0,0,0.0,0.0,0.0
2017-08-30T09:36:33.441+0000,1119595.639,0.066,1119595.705,6,4,253.0,82,5,18,1345698.797,16.512500000000003,1345715.3095,nkollar,AVRO-2072,3,3,0,3,32547928.799999997,5208730.452555556,37756659.25255556
2017-08-21T16:04:31.966+0000,18942030.976,0.024,18942031.0,2,4,1015.0,63,5,13,18942030.976,0.024,18942031.0,jmullins,AVRO-2067,3,4,0,4,18942030.976,0.024,18942031.0
2017-08-14T09:09:05.178+0000,1571801.955,32.959,1571834.914,6,0,150.0,60,3,5,1345698.797,16.512500000000003,1345715.3095,nkollar,AVRO-2066,3,3,0,3,32547928.799999997,5208730.452555556,37756659.25255556
2017-08-03T20:28:50.157+0000,911013.4130000001,0.05,911013.4630000001,2,0,616.0,41,5,5,1743719.283222222,0.05588888888888889,1743719.3391111111,belugabehr,AVRO-2061,3,3,0,3,1743719.283222222,0.05588888888888889,1743719.3391111111
2017-07-28T07:26:54.109+0000,3993133.9910000004,0.061000000000000006,3993134.052,3,4,59.0,26,5,5,2978345.3860000004,1264079.8974166666,4242425.283416667,gszadovszky,AVRO-2059,3,3,0,3,3982094.9872500002,2159852.0315,6141947.018750001
2017-07-18T20:20:30.467+0000,817136.084,0.065,817136.1490000001,2,2,706.0,63,4,6,1743719.283222222,0.05588888888888889,1743719.3391111111,belugabehr,AVRO-2056,5,2,0,2,1743719.283222222,0.05588888888888889,1743719.3391111111
2017-07-18T19:56:53.305+0000,4816997.358,0.056,4816997.414,2,0,199.0,66,4,5,1743719.283222222,0.05588888888888889,1743719.3391111111,belugabehr,AVRO-2055,3,4,0,4,1743719.283222222,0.05588888888888889,1743719.3391111111
2017-07-18T19:06:05.667+0000,821587.3400000001,0.039,821587.3790000001,2,0,653.0,41,4,5,1743719.283222222,0.05588888888888889,1743719.3391111111,belugabehr,AVRO-2054,5,2,0,2,1743719.283222222,0.05588888888888889,1743719.3391111111
2017-07-18T18:43:01.298+0000,4821414.314,0.07100000000000001,4821414.385000001,2,0,808.0,70,3,2,1743719.283222222,0.05588888888888889,1743719.3391111111,belugabehr,AVRO-2053,3,4,0,4,1743719.283222222,0.05588888888888889,1743719.3391111111
2017-07-17T23:02:45.645+0000,403315.24500000005,0.057,403315.302,2,0,906.0,59,2,6,1743719.283222222,0.05588888888888889,1743719.3391111111,belugabehr,AVRO-2052,2,1,0,1,1743719.283222222,0.05588888888888889,1743719.3391111111
2017-07-17T01:49:05.820+0000,970191.7230000001,0.066,970191.7890000001,2,2,381.0,23,5,7,1743719.283222222,0.05588888888888889,1743719.3391111111,belugabehr,AVRO-2050,5,3,0,3,1743719.283222222,0.05588888888888889,1743719.3391111111
2017-07-17T01:05:58.080+0000,972765.1690000001,0.047,972765.216,2,0,1519.0,52,4,9,1743719.283222222,0.05588888888888889,1743719.3391111111,belugabehr,AVRO-2049,7,3,0,3,1743719.283222222,0.05588888888888889,1743719.3391111111
2017-07-14T21:20:53.557+0000,1159052.9030000002,0.052000000000000005,1159052.955,2,2,925.0,53,4,8,1743719.283222222,0.05588888888888889,1743719.3391111111,belugabehr,AVRO-2048,5,3,0,3,1743719.283222222,0.05588888888888889,1743719.3391111111
2017-06-16T07:14:35.609+0000,3029450.04,12438442.593,15467892.633000001,2,8,386.0,13,5,9,2978345.3860000004,1264079.8974166666,4242425.283416667,gszadovszky,AVRO-2043,3,3,4,4,3982094.9872500002,2159852.0315,6141947.018750001
2017-06-15T16:28:40.404+0000,620.307,5811.9710000000005,6432.278,6,4,3567.0,55,2,4,620.307,5811.9710000000005,6432.278,quadra,AVRO-2042,2,0,0,0,12341942.898937501,2615931.2208749996,14957874.119812502
2017-06-13T16:28:51.540+0000,21879718.271,0.02,21879718.291,5,4,196.0,25,6,13,17426385.895272728,2231948.798818182,19658334.694090907,busbey,AVRO-2041,2,4,0,4,10537313.020615386,6116669.306807693,16653982.327423079
2017-06-12T18:48:10.002+0000,3380409.365,0.043000000000000003,3380409.4080000003,2,2,39.0,33,5,6,4680988.061000001,13799436.159333333,18480424.220333334,tjwp,AVRO-2040,3,3,0,3,4680988.061000001,13799436.159333333,18480424.220333334
2017-05-31T15:14:24.327+0000,39008.33,11573323.321,11612331.651,2,4,151.0,65,3,6,530589.6215555556,1291003.974888889,1821593.5964444445,sacharya,AVRO-2038,3,0,4,4,39008.33,11573323.321,11612331.651
2017-05-10T15:48:42.083+0000,988951.437,0.054000000000000006,988951.491,6,2,692.0,52,2,2,988951.437,0.054000000000000006,988951.491,philrizk@gmail.com,AVRO-2033,3,3,0,3,988951.437,0.054000000000000006,988951.491
2017-04-14T19:01:45.909+0000,276990.31,0.04,276990.35000000003,6,4,61.0,27,4,3,530589.6215555556,1291003.974888889,1821593.5964444445,sacharya,AVRO-2025,3,1,0,1,4811732.2921,2455063.8024,7266796.094500001
2017-04-14T18:58:07.196+0000,280130.56700000004,0.039,280130.606,2,4,229.0,49,1,2,530589.6215555556,1291003.974888889,1821593.5964444445,sacharya,AVRO-2024,3,1,0,1,4811732.2921,2455063.8024,7266796.094500001
2017-04-12T12:54:21.004+0000,8527842.65,0.052000000000000005,8527842.702000001,5,8,1599.0,48,4,12,17426385.895272728,2231948.798818182,19658334.694090907,busbey,AVRO-2023,3,4,0,4,4811732.2921,2455063.8024,7266796.094500001
2017-04-11T12:42:59.861+0000,3625433.901,0.039,3625433.9400000004,6,4,300.0,41,2,3,1846500.0445,0.0385,1846500.083,erikvanoosten,AVRO-2022,2,3,0,3,0.0,0.0,0.0
2017-04-10T18:56:42.968+0000,6884846.518,11341843.897,18226690.415000003,2,2,155.0,35,6,7,6884846.518,11341843.897,18226690.415000003,arosca,AVRO-2021,3,4,4,4,32547928.799999997,5208730.452555556,37756659.25255556
2017-04-07T18:49:59.142+0000,8759.965,17.155,8777.12,6,8,147.0,85,3,3,530589.6215555556,1291003.974888889,1821593.5964444445,sacharya,AVRO-2018,3,0,0,0,4811732.2921,2455063.8024,7266796.094500001
2017-03-28T14:44:20.228+0000,1255075.104,0.037000000000000005,1255075.141,6,6,3433.0,29,1,3,17426385.895272728,2231948.798818182,19658334.694090907,busbey,AVRO-2013,3,3,0,3,0.0,0.0,0.0
2017-03-26T01:43:42.013+0000,955510.976,0.037000000000000005,955511.013,6,4,1161.0,47,3,6,478937.6875,0.042,478937.7295,thiru_mg,AVRO-2012,3,3,0,3,4811732.2921,2455063.8024,7266796.094500001
2017-02-23T12:01:03.371+0000,24613248.081,61.318000000000005,24613309.399,2,2,3053.0,52,11,19,24613248.081,61.318000000000005,24613309.399,teabot,AVRO-2003,3,4,0,4,24613248.081,61.318000000000005,24613309.399
2017-02-15T19:37:16.478+0000,4074040.685,1169.092,4075209.7770000002,3,2,1196.0,56,5,6,4074040.685,1169.092,4075209.7770000002,wandersen02,AVRO-2001,2,3,0,3,4074040.685,1169.092,4075209.7770000002
2017-02-06T17:25:56.982+0000,1891567.381,21055.465,1912622.8460000001,6,4,563.0,46,4,9,44419655.94171429,4103233.4420000007,48522889.383714296,zolyfarkas,AVRO-1997,3,3,0,3,21623791.055200003,6625859.127600001,28249650.182800002
2017-01-30T20:48:17.252+0000,1306517.608,35807721.462000005,37114239.07,6,2,257.0,29,4,8,4680988.061000001,13799436.159333333,18480424.220333334,tjwp,AVRO-1996,3,3,4,4,4680988.061000001,13799436.159333333,18480424.220333334
2017-01-30T19:22:20.211+0000,36270.962,0.045000000000000005,36271.007000000005,6,2,425.0,49,4,5,5022227.4645,0.0345,5022227.499,vimota,AVRO-1995,3,0,0,0,36270.962,0.045000000000000005,36271.007000000005
2017-01-30T10:43:30.082+0000,1748113.753,0.051000000000000004,1748113.804,6,4,1125.0,66,3,7,1748113.753,0.051000000000000004,1748113.804,da77a,AVRO-1994,3,3,0,3,1748113.753,0.051000000000000004,1748113.804
2017-01-29T10:13:44.283+0000,2364.3990000000003,0.047,2364.4460000000004,2,2,155.0,48,2,2,478937.6875,0.042,478937.7295,thiru_mg,AVRO-1993,2,0,0,0,10514591.46,6812151.949333335,17326743.409333337
2017-01-28T11:24:29.712+0000,1099513.5920000002,0.042,1099513.634,5,4,76.0,19,4,7,17426385.895272728,2231948.798818182,19658334.694090907,busbey,AVRO-1992,3,3,0,3,373251.0986666668,0.6346666666666667,373251.7333333334
2017-01-28T08:37:05.744+0000,11837709.608000001,740.553,11838450.161,6,4,852.0,46,4,4,17426385.895272728,2231948.798818182,19658334.694090907,busbey,AVRO-1990,3,4,0,4,32547928.799999997,5208730.452555556,37756659.25255556
2017-01-25T15:28:59.339+0000,224632.52200000003,24.263,224656.785,6,4,161.0,33,3,2,530589.6215555556,1291003.974888889,1821593.5964444445,sacharya,AVRO-1988,3,1,0,1,224632.52200000003,24.263,224656.785
2017-01-24T17:18:59.979+0000,1112546.597,45667.851,1158214.448,6,0,154.0,58,5,5,530589.6215555556,1291003.974888889,1821593.5964444445,sacharya,AVRO-1987,3,3,0,3,4811732.2921,2455063.8024,7266796.094500001
2017-01-18T07:53:14.091+0000,12871714.655000001,0.061000000000000006,12871714.716,6,4,1220.0,20,5,5,2978345.3860000004,1264079.8974166666,4242425.283416667,gszadovszky,AVRO-1985,3,4,0,4,3982094.9872500002,2159852.0315,6141947.018750001
2017-01-11T13:09:12.830+0000,1416763.516,0.044000000000000004,1416763.56,5,4,141.0,33,4,3,1416763.516,0.044000000000000004,1416763.56,zi,AVRO-1982,4,3,0,3,4251433.235333334,24661.138000000003,4276094.373333334
2017-01-06T18:04:25.424+0000,2886645.899,0.030000000000000002,2886645.929,5,4,107.0,32,2,3,2886645.899,0.030000000000000002,2886645.929,bharatviswa,AVRO-1978,3,3,0,3,2886645.899,0.030000000000000002,2886645.929
2017-01-02T11:05:24.667+0000,3203422.6920000003,0.036000000000000004,3203422.728,2,4,144.0,25,5,7,2978345.3860000004,1264079.8974166666,4242425.283416667,gszadovszky,AVRO-1975,3,3,0,3,3982094.9872500002,2159852.0315,6141947.018750001
2016-12-30T16:25:17.928+0000,4463876.9350000005,0.04,4463876.975000001,2,4,193.0,39,4,7,2978345.3860000004,1264079.8974166666,4242425.283416667,gszadovszky,AVRO-1973,3,4,0,4,3982094.9872500002,2159852.0315,6141947.018750001
2016-12-22T15:02:10.009+0000,4062228.117,0.044000000000000004,4062228.1610000003,6,2,639.0,19,5,4,4062228.117,0.044000000000000004,4062228.1610000003,cesco,AVRO-1972,3,3,0,3,4062228.117,0.044000000000000004,4062228.1610000003
2016-12-19T20:07:01.311+0000,15418566.716000002,0.049,15418566.765,2,2,183.0,50,5,9,7847229.385000001,0.041,7847229.426,baunz,AVRO-1971,3,4,0,4,15418566.716000002,0.049,15418566.765
2016-12-19T08:38:13.762+0000,1923370.4470000002,546.4490000000001,1923916.8960000002,6,2,2585.0,26,4,4,2978345.3860000004,1264079.8974166666,4242425.283416667,gszadovszky,AVRO-1970,3,3,0,3,3982094.9872500002,2159852.0315,6141947.018750001
2016-12-17T15:30:52.358+0000,9356037.21,5590586.973,14946624.183,2,4,210.0,40,4,8,4680988.061000001,13799436.159333333,18480424.220333334,tjwp,AVRO-1969,3,4,4,4,4680988.061000001,13799436.159333333,18480424.220333334
2016-12-01T11:20:02.363+0000,1381415.03,32042465.134000003,33423880.164,6,6,198.0,59,3,4,1370064.9266190475,6135400.9613333335,7505465.88795238,nielsbasjes,AVRO-1967,3,3,4,4,10537313.020615386,6116669.306807693,16653982.327423079
2016-11-30T20:36:34.478+0000,45990.088,33430863.745,33476853.833,6,6,255.0,45,3,6,1370064.9266190475,6135400.9613333335,7505465.88795238,nielsbasjes,AVRO-1966,3,0,4,4,10537313.020615386,6116669.306807693,16653982.327423079
2016-11-22T23:42:08.234+0000,2993.275,30182428.187000003,30185421.462,6,4,719.0,25,5,5,2993.275,30182428.187000003,30185421.462,xiongtx,AVRO-1962,2,0,4,4,0.0,0.0,0.0
2016-11-14T22:09:24.635+0000,7449023.45,0.037000000000000005,7449023.487000001,2,4,1308.0,71,4,4,19788173.975,2.5045,19788176.479500003,clement@unportant.info,AVRO-1960,2,4,0,4,19788173.975,2.5045,19788176.479500003
2016-11-11T09:18:10.089+0000,8532704.725,86.563,8532791.288,6,4,,92,2,2,8532704.725,86.563,8532791.288,MaxL,AVRO-1958,2,4,0,4,0.0,0.0,0.0
2016-11-10T21:36:14.481+0000,38408694.673,49.588,38408744.261,6,4,496.0,55,6,12,38408694.673,49.588,38408744.261,timmsc,AVRO-1957,3,4,0,4,38408694.673,49.588,38408744.261
2016-11-07T17:53:53.209+0000,6371970.682,35535956.052,41907926.734000005,6,2,710.0,91,5,14,6371970.682,35535956.052,41907926.734000005,iamwrong,AVRO-1954,3,4,4,4,32547928.799999997,5208730.452555556,37756659.25255556
2016-11-05T22:01:41.735+0000,1985.095,0.18100000000000002,1985.276,6,4,299.0,59,2,2,1843249.0820000002,85775.42662500001,1929024.5086250002,rdblue,AVRO-1951,2,0,0,0,12341942.898937501,2615931.2208749996,14957874.119812502
2016-11-04T09:13:04.007+0000,7765.064,2.1060000000000003,7767.17,6,2,1236.0,140,1,1,11894.415,2.039,11896.454000000002,mhurd,AVRO-1949,2,0,0,0,0.0,0.0,0.0
2016-11-04T09:12:42.256+0000,16023.766000000001,1.9720000000000002,16025.738000000001,6,2,1236.0,140,2,3,11894.415,2.039,11896.454000000002,mhurd,AVRO-1948,2,0,0,0,0.0,0.0,0.0
2016-11-03T16:38:04.676+0000,64217.802,121947.486,186165.288,6,4,562.0,37,4,5,2978345.3860000004,1264079.8974166666,4242425.283416667,gszadovszky,AVRO-1947,3,0,1,1,3982094.9872500002,2159852.0315,6141947.018750001
2016-10-28T21:30:57.660+0000,4010.9330000000004,162391.119,166402.052,6,4,1393.0,22,2,3,4010.9330000000004,162391.119,166402.052,smueller18,AVRO-1945,2,0,1,1,0.0,0.0,0.0
2016-10-26T13:31:25.377+0000,544229.718,344332.146,888561.8640000001,6,4,170.0,24,4,6,1370064.9266190475,6135400.9613333335,7505465.88795238,nielsbasjes,AVRO-1944,3,2,1,3,10537313.020615386,6116669.306807693,16653982.327423079
2016-10-26T11:59:37.005+0000,428951.96300000005,2608020.9370000004,3036972.9000000004,6,4,3093.0,63,5,4,2978345.3860000004,1264079.8974166666,4242425.283416667,gszadovszky,AVRO-1943,3,1,3,3,3982094.9872500002,2159852.0315,6141947.018750001
2016-10-26T11:59:18.988+0000,3036990.632,0.21400000000000002,3036990.8460000004,6,4,3093.0,63,1,1,2978345.3860000004,1264079.8974166666,4242425.283416667,gszadovszky,AVRO-1942,2,3,0,3,3982094.9872500002,2159852.0315,6141947.018750001
2016-10-21T21:36:43.960+0000,10299884.238,0.044000000000000004,10299884.282000002,6,4,1094.0,45,3,3,10299884.238,0.044000000000000004,10299884.282000002,jaredgrubb,AVRO-1937,3,4,0,4,0.0,0.0,0.0
2016-10-19T07:26:25.398+0000,10211399.914,0.043000000000000003,10211399.957,6,4,214.0,53,2,1,10211399.914,0.043000000000000003,10211399.957,razi,AVRO-1935,2,4,0,4,0.0,0.0,0.0
2016-10-12T12:40:22.944+0000,28511047.046,0.048,28511047.094,2,2,592.0,77,9,18,27861685.1305,3.0415,27861688.172,epkanol,AVRO-1933,3,4,0,4,27861685.1305,3.0415,27861688.172
2016-10-10T08:16:48.659+0000,510035.01200000005,1779785.06,2289820.072,2,4,374.0,50,3,5,1370064.9266190475,6135400.9613333335,7505465.88795238,nielsbasjes,AVRO-1932,3,2,3,3,10537313.020615386,6116669.306807693,16653982.327423079
2016-10-07T15:59:04.118+0000,27212323.215,6.035,27212329.25,6,2,907.0,85,7,13,27861685.1305,3.0415,27861688.172,epkanol,AVRO-1931,3,4,0,4,27861685.1305,3.0415,27861688.172
2016-10-05T12:11:23.675+0000,10020109.683,0.048,10020109.731,6,4,94.0,53,4,5,10020109.683,0.048,10020109.731,gahr,AVRO-1930,3,4,0,4,10020109.683,0.048,10020109.731
2016-09-22T23:36:00.225+0000,341443.358,1.7730000000000001,341445.131,6,2,166.0,31,2,2,5773861.276000001,39137.063500000004,5812998.3395,Simon24601,AVRO-1926,2,1,0,1,0.0,0.0,0.0
2016-09-22T10:12:11.415+0000,1051992.137,2786098.35,3838090.487,6,4,,61,4,9,1370064.9266190475,6135400.9613333335,7505465.88795238,nielsbasjes,AVRO-1923,3,3,3,3,10537313.020615386,6116669.306807693,16653982.327423079
2016-09-19T14:13:31.675+0000,32763.408000000003,0.7150000000000001,32764.123000000003,6,4,245.0,55,3,2,2978345.3860000004,1264079.8974166666,4242425.283416667,gszadovszky,AVRO-1921,3,0,0,0,3982094.9872500002,2159852.0315,6141947.018750001
2016-09-17T01:11:23.231+0000,70.397,0.269,70.66600000000001,5,2,529.0,35,1,1,530589.6215555556,1291003.974888889,1821593.5964444445,sacharya,AVRO-1920,2,0,0,0,0.0,0.0,0.0
2016-09-17T01:11:13.580+0000,854712.9180000001,2.426,854715.344,5,2,529.0,35,3,3,530589.6215555556,1291003.974888889,1821593.5964444445,sacharya,AVRO-1919,3,2,0,2,4811732.2921,2455063.8024,7266796.094500001
2016-09-16T20:17:58.456+0000,932408.731,16756311.362000002,17688720.093000002,2,4,269.0,34,4,6,476589.3715,8378155.694000001,8854745.0655,cutting,AVRO-1918,4,3,4,4,3982094.9872500002,2159852.0315,6141947.018750001
2016-09-14T12:40:23.419+0000,620866.39,0.627,620867.017,6,4,2254.0,54,2,3,620866.39,0.627,620867.017,NPE,AVRO-1915,2,2,0,2,0.0,0.0,0.0
2016-09-14T07:45:32.821+0000,91732.576,1.0690000000000002,91733.645,6,0,,37,3,3,1370064.9266190475,6135400.9613333335,7505465.88795238,nielsbasjes,AVRO-1914,2,1,0,1,10537313.020615386,6116669.306807693,16653982.327423079
2016-09-13T12:01:11.139+0000,162771.55000000002,39226507.642000005,39389279.192,2,4,173.0,38,4,6,1370064.9266190475,6135400.9613333335,7505465.88795238,nielsbasjes,AVRO-1913,2,1,4,4,10537313.020615386,6116669.306807693,16653982.327423079
2016-09-09T21:55:23.270+0000,12236431.706,10011.84,12246443.546,6,4,1938.0,76,4,9,9886328.2975,21387.508500000004,9907715.806,comm@squotd.net,AVRO-1912,3,4,0,4,50233667.86533334,14485.270333333336,50248153.13566667
2016-09-07T09:52:22.186+0000,12294513.848000001,55350.096000000005,12349863.944,2,2,577.0,44,4,5,12294513.848000001,55350.096000000005,12349863.944,wallin,AVRO-1909,3,4,0,4,0.0,0.0,0.0
2016-09-04T21:54:07.803+0000,324342.256,337.55400000000003,324679.81,6,4,140.0,40,4,6,1843249.0820000002,85775.42662500001,1929024.5086250002,rdblue,AVRO-1908,2,1,0,1,12341942.898937501,2615931.2208749996,14957874.119812502
2016-09-01T13:42:20.755+0000,5637952.817000001,45745.531,5683698.348,2,4,265.0,52,4,7,17426385.895272728,2231948.798818182,19658334.694090907,busbey,AVRO-1907,3,4,0,4,3982094.9872500002,2159852.0315,6141947.018750001
2016-08-31T10:38:56.454+0000,19521.942000000003,1.784,19523.726000000002,6,4,2988.0,31,2,1,19521.942000000003,1.784,19523.726000000002,amodpandey,AVRO-1905,2,0,0,0,373251.0986666668,0.6346666666666667,373251.7333333334
2016-08-23T03:15:27.588+0000,2351069.1,11342024.121000001,13693093.221,6,4,622.0,74,7,14,2351069.1,11342024.121000001,13693093.221,radai,AVRO-1901,2,3,4,4,10537313.020615386,6116669.306807693,16653982.327423079
2016-08-21T19:46:10.476+0000,1978454.9880000001,0.41000000000000003,1978455.398,6,4,301.0,37,6,12,530589.6215555556,1291003.974888889,1821593.5964444445,sacharya,AVRO-1900,5,3,0,3,12341942.898937501,2615931.2208749996,14957874.119812502
2016-08-16T21:56:32.879+0000,16003591.455,0.037000000000000005,16003591.492,6,4,1402.0,51,4,2,16003591.455,0.037000000000000005,16003591.492,buckedrain@outlook.com,AVRO-1898,2,4,0,4,16003591.455,0.037000000000000005,16003591.492
2016-08-08T15:12:53.069+0000,7710282.6450000005,86740.625,7797023.2700000005,6,8,146.0,67,5,15,17426385.895272728,2231948.798818182,19658334.694090907,busbey,AVRO-1897,3,4,1,4,4811732.2921,2455063.8024,7266796.094500001
2016-08-04T19:34:21.250+0000,2346554.497,58378.341,2404932.838,2,6,636.0,41,7,21,2346554.497,58378.341,2404932.838,tarasbob,AVRO-1895,3,3,0,3,1945819.2326000002,15084.9666,1960904.1992000001
2016-08-03T19:03:07.866+0000,14319.809000000001,0.20600000000000002,14320.015000000001,6,4,185.0,49,2,2,16005966.9448,121413.84160000001,16127380.786400001,sachingoyal,AVRO-1893,2,0,0,0,0.0,0.0,0.0
2016-07-25T22:05:13.031+0000,2940780.038,19321.932,2960101.97,6,4,154.0,26,4,4,16005966.9448,121413.84160000001,16127380.786400001,sachingoyal,AVRO-1889,3,3,0,3,6261703.381500001,303533.62100000004,6565237.0025
2016-07-24T23:09:25.695+0000,3547055.7040000004,0.56,3547056.2640000004,6,8,294.0,60,4,4,1843249.0820000002,85775.42662500001,1929024.5086250002,rdblue,AVRO-1888,3,3,0,3,12341942.898937501,2615931.2208749996,14957874.119812502
2016-07-19T13:10:46.673+0000,28390185.903,24418209.762000002,52808395.66500001,5,4,83.0,13,11,28,17426385.895272728,2231948.798818182,19658334.694090907,busbey,AVRO-1885,3,4,4,4,4811732.2921,2455063.8024,7266796.094500001
2016-07-18T04:14:10.345+0000,4207911.897,327199.707,4535111.604,0,4,180.0,66,5,6,4207911.897,327199.707,4535111.604,shijinkui,AVRO-1884,3,3,1,4,4207911.897,327199.707,4535111.604
2016-07-11T23:23:52.252+0000,9582626.725000001,587745.31,10170372.035,6,4,781.0,56,6,8,16005966.9448,121413.84160000001,16127380.786400001,sachingoyal,AVRO-1882,3,4,2,4,6261703.381500001,303533.62100000004,6565237.0025
2016-07-11T22:05:09.008+0000,15785693.804000001,0.341,15785694.145000001,6,4,4981.0,57,5,5,15785693.804000001,0.341,15785694.145000001,matt343,AVRO-1881,2,4,0,4,32547928.799999997,5208730.452555556,37756659.25255556
2016-07-10T10:39:35.082+0000,4875456.654,36431.122,4911887.776000001,2,4,294.0,59,7,8,4875456.654,36431.122,4911887.776000001,mwong,AVRO-1879,3,4,0,4,4875456.654,36431.122,4911887.776000001
2016-07-07T07:44:20.064+0000,1239632.929,27183.010000000002,1266815.939,6,8,170.0,66,5,16,2145617.128,12281724.22,14427341.348000001,Yibing,AVRO-1877,3,3,0,3,2145617.128,12281724.22,14427341.348000001
2016-07-04T21:11:43.811+0000,5358398.677,30.744000000000003,5358429.421,6,6,970.0,63,5,7,5358398.677,30.744000000000003,5358429.421,torgebo,AVRO-1874,3,4,0,4,5358398.677,30.744000000000003,5358429.421
2016-06-30T08:15:39.421+0000,6422037.397000001,1.4320000000000002,6422038.829000001,6,8,794.0,72,4,4,6422037.397000001,1.4320000000000002,6422038.829000001,ACodeFarmer,AVRO-1873,3,4,0,4,12341942.898937501,2615931.2208749996,14957874.119812502
2016-06-28T23:01:26.593+0000,1692515.1840000001,0.439,1692515.6230000001,6,4,2561.0,83,2,0,1692515.1840000001,0.439,1692515.6230000001,a_hashemi@yahoo.com,AVRO-1871,2,3,0,3,0.0,0.0,0.0
2016-06-28T03:37:35.855+0000,45442.009000000005,17.951,45459.96000000001,6,4,319.0,68,5,7,1843249.0820000002,85775.42662500001,1929024.5086250002,rdblue,AVRO-1869,2,0,0,0,12341942.898937501,2615931.2208749996,14957874.119812502
2016-06-26T23:40:16.875+0000,19204468.722000003,0.082,19204468.804,2,2,323.0,54,2,1,19204468.722000003,0.082,19204468.804,jirapatjira,AVRO-1868,2,4,0,4,10514591.46,6812151.949333335,17326743.409333337
2016-06-22T21:52:58.199+0000,717.7620000000001,0.078,717.84,6,8,125.0,48,3,3,17426385.895272728,2231948.798818182,19658334.694090907,busbey,AVRO-1867,4,0,0,0,373251.0986666668,0.6346666666666667,373251.7333333334
2016-06-16T10:16:55.424+0000,371319.707,0.279,371319.98600000003,6,2,801.0,97,3,1,371319.707,0.279,371319.98600000003,tscott@cloudera.com,AVRO-1864,2,1,0,1,12341942.898937501,2615931.2208749996,14957874.119812502
2016-06-15T15:23:17.966+0000,3841.3810000000003,20.375,3861.7560000000003,2,8,112.0,23,2,1,3841.3810000000003,20.375,3861.7560000000003,spencer.harlow@aviva.com,AVRO-1863,2,0,0,0,0.0,0.0,0.0
2016-06-07T00:03:37.751+0000,10829266.492,0.21200000000000002,10829266.704,6,4,967.0,75,3,7,10829266.492,0.21200000000000002,10829266.704,amok,AVRO-1861,4,4,0,4,3982094.9872500002,2159852.0315,6141947.018750001
2016-06-06T12:41:00.862+0000,10573747.124,2586616.6300000004,13160363.754,6,4,435.0,43,5,5,10573747.124,2586616.6300000004,13160363.754,manuelp3,AVRO-1860,4,4,3,4,3982094.9872500002,2159852.0315,6141947.018750001
2016-06-02T11:45:50.003+0000,30830296.128000002,0.112,30830296.240000002,6,4,3881.0,93,6,5,30830296.128000002,0.112,30830296.240000002,pmg23,AVRO-1857,3,4,0,4,32547928.799999997,5208730.452555556,37756659.25255556
2016-05-25T07:24:41.100+0000,10827736.068,73983.318,10901719.386,6,6,331.0,61,5,4,10827736.068,73983.318,10901719.386,HThulin,AVRO-1853,3,4,0,4,4251433.235333334,24661.138000000003,4276094.373333334
2016-05-20T22:03:22.939+0000,11206279.194,78272.354,11284551.548,6,2,687.0,44,4,4,5773861.276000001,39137.063500000004,5812998.3395,Simon24601,AVRO-1849,2,4,0,4,11206279.194,78272.354,11284551.548
2016-05-19T22:22:05.101+0000,9254345.55,13751246.594,23005592.144,6,6,1046.0,40,6,5,9254345.55,13751246.594,23005592.144,theturtle32,AVRO-1848,3,4,4,4,9254345.55,13751246.594,23005592.144
2016-05-18T14:28:43.374+0000,3051601.327,24536265.43,27587866.757000003,3,4,296.0,69,5,63,2145617.128,12281724.22,14427341.348000001,Yibing,AVRO-1847,3,3,4,4,2145617.128,12281724.22,14427341.348000001
2016-05-13T14:01:17.555+0000,111023.47600000001,0.028,111023.504,6,6,243.0,65,2,1,1370064.9266190475,6135400.9613333335,7505465.88795238,nielsbasjes,AVRO-1845,2,1,0,1,10537313.020615386,6116669.306807693,16653982.327423079
2016-05-07T12:31:58.728+0000,294383.05100000004,52227.787000000004,346610.83800000005,2,4,403.0,53,3,9,1370064.9266190475,6135400.9613333335,7505465.88795238,nielsbasjes,AVRO-1841,3,1,0,1,10537313.020615386,6116669.306807693,16653982.327423079
2016-05-05T19:07:59.873+0000,307404.043,0.054000000000000006,307404.097,2,4,247.0,60,3,7,1370064.9266190475,6135400.9613333335,7505465.88795238,nielsbasjes,AVRO-1840,3,1,0,1,10537313.020615386,6116669.306807693,16653982.327423079
2016-05-03T08:28:36.480+0000,211259.27000000002,0.045000000000000005,211259.315,2,4,142.0,50,2,3,1370064.9266190475,6135400.9613333335,7505465.88795238,nielsbasjes,AVRO-1839,3,1,0,1,10537313.020615386,6116669.306807693,16653982.327423079
2016-05-02T14:54:22.646+0000,547587.625,53891.696,601479.321,2,4,328.0,47,3,9,1370064.9266190475,6135400.9613333335,7505465.88795238,nielsbasjes,AVRO-1838,3,2,0,2,10537313.020615386,6116669.306807693,16653982.327423079
2016-04-27T18:18:42.909+0000,422406.591,8694.601,431101.19200000004,6,8,816.0,61,2,4,422406.591,8694.601,431101.19200000004,ccuiyyan@gmail.com,AVRO-1836,2,1,0,1,0.0,0.0,0.0
2016-04-25T12:49:49.487+0000,288575.813,0.055,288575.868,2,4,2031.0,55,3,6,1370064.9266190475,6135400.9613333335,7505465.88795238,nielsbasjes,AVRO-1835,3,1,0,1,10537313.020615386,6116669.306807693,16653982.327423079
2016-04-25T09:12:07.902+0000,42585.810000000005,0.037000000000000005,42585.847,2,4,332.0,49,3,4,1370064.9266190475,6135400.9613333335,7505465.88795238,nielsbasjes,AVRO-1834,3,0,0,0,10537313.020615386,6116669.306807693,16653982.327423079
2016-04-21T04:55:29.014+0000,2810479.619,77886.882,2888366.501,3,4,90.0,13,6,7,1843249.0820000002,85775.42662500001,1929024.5086250002,rdblue,AVRO-1833,3,3,0,3,12341942.898937501,2615931.2208749996,14957874.119812502
2016-04-20T13:06:01.448+0000,9959.593,88811.93800000001,98771.531,6,4,637.0,65,2,3,9959.593,88811.93800000001,98771.531,odidukh,AVRO-1832,2,0,1,1,0.0,0.0,0.0
2016-04-12T19:20:01.705+0000,287810.037,0.031000000000000003,287810.068,2,0,123.0,30,3,2,216692.187,0.0325,216692.2195,wsfulton,AVRO-1829,2,1,0,1,216692.187,0.0325,216692.2195
2016-04-12T09:02:57.064+0000,1751622.3290000001,0.039,1751622.368,2,4,1047.0,21,3,11,1370064.9266190475,6135400.9613333335,7505465.88795238,nielsbasjes,AVRO-1828,5,3,0,3,10537313.020615386,6116669.306807693,16653982.327423079
2016-04-09T19:17:08.636+0000,700066.111,0.043000000000000003,700066.1540000001,6,4,98.0,60,3,6,1370064.9266190475,6135400.9613333335,7505465.88795238,nielsbasjes,AVRO-1826,3,2,0,2,10537313.020615386,6116669.306807693,16653982.327423079
2016-04-09T08:05:13.031+0000,738644.3840000001,0.042,738644.4260000001,2,4,213.0,37,3,5,1370064.9266190475,6135400.9613333335,7505465.88795238,nielsbasjes,AVRO-1825,3,2,0,2,10537313.020615386,6116669.306807693,16653982.327423079
2016-04-08T06:23:32.758+0000,145574.337,0.034,145574.371,6,0,76.0,26,3,2,216692.187,0.0325,216692.2195,wsfulton,AVRO-1824,2,1,0,1,216692.187,0.0325,216692.2195
2016-04-06T16:20:26.449+0000,882597.5560000001,0.034,882597.5900000001,2,0,291.0,70,4,3,882597.5560000001,0.034,882597.5900000001,knoguchi,AVRO-1823,2,3,0,3,882597.5560000001,0.034,882597.5900000001
2016-04-06T11:39:49.201+0000,26118667.34,0.044000000000000004,26118667.384000003,2,2,303.0,120,3,4,26118667.34,0.044000000000000004,26118667.384000003,barryjones,AVRO-1822,2,4,0,4,0.0,0.0,0.0
2016-04-04T15:22:10.636+0000,38164959.066,35121.508,38200080.574,6,4,6506.0,46,7,11,38164959.066,35121.508,38200080.574,baharclerode,AVRO-1821,2,4,0,4,38164959.066,35121.508,38200080.574
2016-04-02T17:01:08.466+0000,1558806.5040000002,0.077,1558806.581,6,4,441.0,36,2,2,1701294.0193333335,8509909.060666667,10211203.08,DrVirtual,AVRO-1820,2,3,0,3,1570988.8245,12764857.2485,14335846.073
2016-04-02T09:27:11.628+0000,1583171.145,25529714.42,27112885.565,6,4,462.0,77,5,6,1701294.0193333335,8509909.060666667,10211203.08,DrVirtual,AVRO-1819,2,3,4,4,1570988.8245,12764857.2485,14335846.073
2016-03-22T11:01:06.619+0000,52195978.755,0.076,52195978.831,6,4,856.0,63,7,6,52195978.755,0.076,52195978.831,martinboyleie,AVRO-1815,2,4,0,4,0.0,0.0,0.0
2016-03-17T21:42:02.939+0000,3625969.1,0.05,3625969.1500000004,6,4,371.0,65,5,11,23005024.019,0.042,23005024.061,virtuald,AVRO-1814,3,3,0,3,10537313.020615386,6116669.306807693,16653982.327423079
2016-03-17T07:33:14.687+0000,28527885.899,0.035,28527885.934,6,0,225.0,64,3,6,28527885.899,0.035,28527885.934,forsberg,AVRO-1813,3,4,0,4,28527885.899,0.035,28527885.934
2016-03-10T16:15:17.863+0000,1961904.4090000002,12.685,1961917.094,0,2,558.0,65,3,5,1701294.0193333335,8509909.060666667,10211203.08,DrVirtual,AVRO-1809,2,3,0,3,0.0,0.0,0.0
2016-03-08T15:59:26.806+0000,5806068.561000001,0.055,5806068.616,6,8,2252.0,43,2,6,5806068.561000001,0.055,5806068.616,thms,AVRO-1807,3,4,0,4,12341942.898937501,2615931.2208749996,14957874.119812502
2016-02-24T12:19:44.033+0000,38483.838,52997776.429000005,53036260.267000005,6,2,1171.0,38,2,2,38483.838,52997776.429000005,53036260.267000005,childnode,AVRO-1803,2,0,4,4,0.0,0.0,0.0
2016-02-22T03:41:06.018+0000,60598.255000000005,0.026000000000000002,60598.281,6,4,179.0,41,2,1,60598.255000000005,0.026000000000000002,60598.281,kbennett,AVRO-1802,2,0,0,0,0.0,0.0,0.0
2016-02-10T15:58:55.677+0000,1652563.614,27534287.995,29186851.609,6,6,356.0,70,5,8,1652563.614,27534287.995,29186851.609,gcmcnutt,AVRO-1799,2,3,4,4,12341942.898937501,2615931.2208749996,14957874.119812502
2016-02-04T20:46:37.578+0000,6315629.987000001,0.061000000000000006,6315630.048,5,4,249.0,34,2,2,1843249.0820000002,85775.42662500001,1929024.5086250002,rdblue,AVRO-1794,2,4,0,4,12341942.898937501,2615931.2208749996,14957874.119812502
2016-02-04T02:23:47.834+0000,231125.073,184.607,231309.68000000002,2,4,200.0,79,3,7,231125.073,184.607,231309.68000000002,jghoman,AVRO-1793,3,1,0,1,231125.073,184.607,231309.68000000002
2016-02-02T23:15:06.882+0000,73428.868,1295.99,74724.85800000001,6,2,608.0,37,2,3,73428.868,1295.99,74724.85800000001,kpriceyahoo,AVRO-1792,2,0,0,0,0.0,0.0,0.0
2016-02-02T18:29:32.643+0000,1458501.205,607960.184,2066461.3890000002,5,4,305.0,22,3,6,1843249.0820000002,85775.42662500001,1929024.5086250002,rdblue,AVRO-1790,2,3,2,3,1458501.205,607960.184,2066461.3890000002
2016-01-21T20:43:47.450+0000,32127324.500000004,4.972,32127329.472000003,2,4,855.0,52,2,1,19788173.975,2.5045,19788176.479500003,clement@unportant.info,AVRO-1787,3,4,0,4,19788173.975,2.5045,19788176.479500003
2016-01-19T22:29:47.919+0000,242556.78100000002,0.04,242556.82100000003,6,4,5154.0,61,3,4,1843249.0820000002,85775.42662500001,1929024.5086250002,rdblue,AVRO-1785,2,1,0,1,0.0,0.0,0.0
2016-01-17T00:20:12.582+0000,7536224.889,32763.177000000003,7568988.066000001,2,4,266.0,50,3,11,9886328.2975,21387.508500000004,9907715.806,comm@squotd.net,AVRO-1784,3,4,0,4,50233667.86533334,14485.270333333336,50248153.13566667
2016-01-10T22:10:49.352+0000,2321171.3740000003,14133788.158000002,16454959.532000002,2,4,967.0,22,4,15,2321171.3740000003,14133788.158000002,16454959.532000002,mtth,AVRO-1778,2,3,4,4,12341942.898937501,2615931.2208749996,14957874.119812502
2015-10-14T03:09:45.122+0000,42876503.499000005,0.062000000000000006,42876503.561000004,3,4,113.0,38,4,2,42876503.499000005,0.062000000000000006,42876503.561000004,jlangley,AVRO-1748,3,4,0,4,42876503.499000005,0.062000000000000006,42876503.561000004
2015-10-08T02:55:38.370+0000,220.354,0.024,220.37800000000001,6,4,325.0,40,2,1,220.354,0.024,220.37800000000001,eyang,AVRO-1745,2,0,0,0,0.0,0.0,0.0
2015-08-31T14:17:37.997+0000,54183464.163,0.042,54183464.205000006,2,4,565.0,48,7,35,44419655.94171429,4103233.4420000007,48522889.383714296,zolyfarkas,AVRO-1723,3,4,0,4,21623791.055200003,6625859.127600001,28249650.182800002
2015-08-19T04:21:42.412+0000,32989360.715000004,34908528.917,67897889.632,6,8,318.0,40,7,9,32989360.715000004,34908528.917,67897889.632,tdsmith,AVRO-1719,2,4,4,4,32989360.715000004,34908528.917,67897889.632
2015-08-06T15:53:19.507+0000,100117.543,3449.4,103566.943,6,4,483.0,29,4,5,100117.543,3449.4,103566.943,achalaggarwal,AVRO-1713,2,1,0,1,12341942.898937501,2615931.2208749996,14957874.119812502
2015-08-04T19:17:22.906+0000,24030685.308000002,0.036000000000000004,24030685.344,6,4,1882.0,51,4,5,44419655.94171429,4103233.4420000007,48522889.383714296,zolyfarkas,AVRO-1711,3,4,0,4,21623791.055200003,6625859.127600001,28249650.182800002
2015-07-21T20:38:59.485+0000,23431348.164,56456.222,23487804.386,6,4,377.0,37,2,2,44419655.94171429,4103233.4420000007,48522889.383714296,zolyfarkas,AVRO-1708,2,4,0,4,0.0,0.0,0.0
2015-07-16T08:38:35.034+0000,35986008.96,23305864.971,59291873.931,2,4,1371.0,51,17,65,35986008.96,23305864.971,59291873.931,dasch,AVRO-1704,7,4,4,4,10537313.020615386,6116669.306807693,16653982.327423079
2015-07-11T21:00:25.129+0000,23887730.095000003,0.10500000000000001,23887730.200000003,6,2,2548.0,101,4,9,13934135.541500002,1691.8155000000002,13935827.357,peter_liu,AVRO-1701,3,4,0,4,91470121.14375001,850.7680000000001,91470971.91175002
2015-07-11T19:59:48.219+0000,3980540.9880000004,3383.5260000000003,3983924.5140000004,6,2,645.0,47,5,7,13934135.541500002,1691.8155000000002,13935827.357,peter_liu,AVRO-1700,3,3,0,3,91470121.14375001,850.7680000000001,91470971.91175002
2015-06-23T05:58:46.462+0000,96720.67300000001,0.023000000000000003,96720.69600000001,6,4,359.0,57,1,0,96720.67300000001,0.023000000000000003,96720.69600000001,yuryn,AVRO-1686,2,1,0,1,0.0,0.0,0.0
2015-06-12T09:53:03.516+0000,1083568.3190000001,0.035,1083568.354,0,2,4599.0,27,3,2,1083568.3190000001,0.035,1083568.354,jacopo.moronato,AVRO-1682,2,3,0,3,12341942.898937501,2615931.2208749996,14957874.119812502
2015-05-29T15:23:11.380+0000,7476295.134000001,0.021,7476295.155,6,4,2154.0,40,2,1,7476295.134000001,0.021,7476295.155,sanchez,AVRO-1674,2,4,0,4,0.0,0.0,0.0
2015-05-12T16:28:40.485+0000,46379432.126,0.2,46379432.326000005,3,4,175.0,20,3,4,46379432.126,0.2,46379432.326000005,dyosick,AVRO-1670,2,4,0,4,0.0,0.0,0.0
2015-05-05T19:41:06.306+0000,27202151.912,28645099.027000003,55847250.939,6,4,2120.0,61,6,31,44419655.94171429,4103233.4420000007,48522889.383714296,zolyfarkas,AVRO-1667,2,4,4,4,21623791.055200003,6625859.127600001,28249650.182800002
2015-04-08T15:50:35.998+0000,78905.228,90376.576,169281.804,2,4,2261.0,29,4,7,78905.228,90376.576,169281.804,nphung,AVRO-1661,2,0,1,1,0.0,0.0,0.0
2015-04-07T00:19:25.065+0000,151493.926,0.053000000000000005,151493.97900000002,6,4,291.0,55,2,6,151493.926,0.053000000000000005,151493.97900000002,brajkumar,AVRO-1660,7,1,0,1,0.0,0.0,0.0
2015-03-19T19:11:05.628+0000,4715.474,0.031000000000000003,4715.505,6,4,4193.0,72,2,2,16005966.9448,121413.84160000001,16127380.786400001,sachingoyal,AVRO-1650,2,0,0,0,0.0,0.0,0.0
2015-02-24T19:42:33.954+0000,35436489.52,25835284.203,61271773.723000005,6,6,947.0,48,7,32,35436489.52,25835284.203,61271773.723000005,u912boilermaker,AVRO-1642,3,4,4,4,35436489.52,25835284.203,61271773.723000005
2015-02-02T17:02:35.450+0000,5544631.300000001,0.059000000000000004,5544631.359,6,2,1540.0,43,1,1,5544631.300000001,0.059000000000000004,5544631.359,jamur2,AVRO-1637,2,4,0,4,0.0,0.0,0.0
2015-01-20T09:51:02.067+0000,18151183.618,14439316.733000001,32590500.351000004,2,4,924.0,70,2,4,1370064.9266190475,6135400.9613333335,7505465.88795238,nielsbasjes,AVRO-1633,3,4,4,4,10537313.020615386,6116669.306807693,16653982.327423079
2015-01-19T18:35:10.752+0000,846539.287,0.049,846539.336,6,4,1445.0,47,4,1,846539.287,0.049,846539.336,Heye,AVRO-1632,2,2,0,2,0.0,0.0,0.0
2014-11-26T11:24:59.646+0000,612644.711,9098097.613,9710742.324000001,0,2,271.0,50,3,10,612644.711,9098097.613,9710742.324000001,alfonso.nishikawa,AVRO-1613,2,2,4,4,0.0,0.0,0.0
2014-10-10T10:32:59.070+0000,27687670.188,3863.1890000000003,27691533.377,6,6,272.0,73,8,13,27687670.188,3863.1890000000003,27691533.377,hatem,AVRO-1593,3,4,0,4,27687670.188,3863.1890000000003,27691533.377
2014-09-17T21:58:57.217+0000,433895.856,0.034,433895.89,6,4,891.0,58,2,2,433895.856,0.034,433895.89,fwiffo,AVRO-1588,2,2,0,2,0.0,0.0,0.0
2014-09-10T10:42:39.894+0000,39795409.848000005,11506.155,39806916.003000006,6,4,612.0,51,6,16,39795409.848000005,11506.155,39806916.003000006,killertoffy,AVRO-1584,3,4,0,4,0.0,0.0,0.0
2014-09-02T22:22:20.750+0000,86452575.061,23.245,86452598.30600001,6,0,1760.0,84,2,4,44419655.94171429,4103233.4420000007,48522889.383714296,zolyfarkas,AVRO-1575,2,4,0,4,0.0,0.0,0.0
2014-08-29T14:27:42.292+0000,93745799.603,0.057,93745799.66000001,2,0,413.0,29,5,7,44419655.94171429,4103233.4420000007,48522889.383714296,zolyfarkas,AVRO-1574,3,4,0,4,93745799.603,0.057,93745799.66000001
2014-08-11T22:08:50.166+0000,42384078.938,0.034,42384078.972,6,4,40.0,58,2,1,23005024.019,0.042,23005024.061,virtuald,AVRO-1565,2,4,0,4,42384078.938,0.034,42384078.972
2014-07-28T16:01:21.791+0000,67487392.678,1.729,67487394.407,6,4,1680.0,65,10,25,16005966.9448,121413.84160000001,16127380.786400001,sachingoyal,AVRO-1554,3,4,0,4,0.0,0.0,0.0
2014-06-29T13:24:15.130+0000,757329.748,0.063,757329.8110000001,3,4,553.0,33,2,1,757329.748,0.063,757329.8110000001,totto90,AVRO-1534,2,2,0,2,0.0,0.0,0.0
2014-06-23T20:19:56.668+0000,12750399.233000001,0.037000000000000005,12750399.270000001,6,4,763.0,47,2,2,12750399.233000001,0.037000000000000005,12750399.270000001,youarehow,AVRO-1531,2,4,0,4,0.0,0.0,0.0
2014-06-23T19:54:27.474+0000,607021.081,39656138.434,40263159.515,6,4,292.0,87,3,4,607021.081,39656138.434,40263159.515,brocknoland,AVRO-1530,2,2,4,4,0.0,0.0,0.0
2014-05-23T12:29:33.619+0000,91117341.228,0.044000000000000004,91117341.272,1,4,1737.0,39,4,4,91117341.228,0.044000000000000004,91117341.272,martinkl,AVRO-1516,3,4,0,4,0.0,0.0,0.0
2014-05-15T04:19:06.643+0000,756264.064,0.027000000000000003,756264.091,6,4,2353.0,65,2,1,756264.064,0.027000000000000003,756264.091,ananthka,AVRO-1510,2,2,0,2,0.0,0.0,0.0
2014-05-13T00:02:35.610+0000,243.63500000000002,0.030000000000000002,243.66500000000002,6,4,46.0,62,1,1,243.63500000000002,0.030000000000000002,243.66500000000002,sandyr,AVRO-1509,2,0,0,0,0.0,0.0,0.0
2014-05-12T03:21:15.110+0000,195151.659,3441518.3340000003,3636669.9930000002,6,4,1652.0,51,2,4,195151.659,3441518.3340000003,3636669.9930000002,deepujain,AVRO-1506,2,1,3,3,0.0,0.0,0.0
2014-05-01T21:27:42.077+0000,5557351.328000001,0.039,5557351.367000001,2,4,120.0,46,3,4,5557351.328000001,0.039,5557351.367000001,hammer,AVRO-1501,2,4,0,4,5557351.328000001,0.039,5557351.367000001
2014-04-06T03:49:36.265+0000,59351057.480000004,30594883.444000002,89945940.92400001,6,4,1540.0,34,6,10,59351057.480000004,30594883.444000002,89945940.92400001,serkan_tas,AVRO-1493,2,4,4,4,59351057.480000004,30594883.444000002,89945940.92400001
2014-04-04T13:54:18.154+0000,19687653.875,0.048,19687653.923,2,2,662.0,39,2,2,19687653.875,0.048,19687653.923,gabriel.reid,AVRO-1492,3,4,0,4,0.0,0.0,0.0
2014-03-19T06:17:21.219+0000,105350886.106,0.05,105350886.156,6,4,511.0,97,8,14,17426385.895272728,2231948.798818182,19658334.694090907,busbey,AVRO-1485,3,4,0,4,32547928.799999997,5208730.452555556,37756659.25255556
2014-03-07T18:30:02.211+0000,509020.56500000006,11591.964,520612.52900000004,2,4,208.0,66,3,9,509020.56500000006,11591.964,520612.52900000004,eljefe6a,AVRO-1477,2,2,0,2,509020.56500000006,11591.964,520612.52900000004
2014-03-03T19:27:21.835+0000,10190006.265,40872911.473000005,51062917.738000005,6,4,1229.0,88,4,10,10577080.427666666,13624853.303666668,24201933.731333334,ramanasv,AVRO-1474,3,4,4,4,10514591.46,6812151.949333335,17326743.409333337
2014-02-12T18:16:54.531+0000,3964.795,44040419.289000005,44044384.08400001,6,4,892.0,101,4,5,3964.795,44040419.289000005,44044384.08400001,jfolson,AVRO-1456,2,0,4,4,0.0,0.0,0.0
2014-02-07T06:24:12.908+0000,44510843.681,0.20900000000000002,44510843.89,2,4,1988.0,54,8,5,44510843.681,0.20900000000000002,44510843.89,aash,AVRO-1453,3,4,0,4,0.0,0.0,0.0
2013-12-17T03:58:59.837+0000,2085276.141,1648.411,2086924.5520000001,6,4,258.0,64,4,6,10577080.427666666,13624853.303666668,24201933.731333334,ramanasv,AVRO-1415,2,3,0,3,2085276.141,1648.411,2086924.5520000001
2013-12-13T23:51:09.918+0000,535702.775,0.04,535702.8150000001,6,4,1562.0,70,1,1,535702.775,0.04,535702.8150000001,russell.jurney,AVRO-1412,2,2,0,2,0.0,0.0,0.0
2013-12-12T16:14:41.014+0000,9265.094000000001,0.023000000000000003,9265.117,2,2,993.0,84,3,4,9265.094000000001,0.023000000000000003,9265.117,tonyliu73,AVRO-1411,2,0,0,0,0.0,0.0,0.0
2013-12-03T11:58:39.390+0000,848083.28,0.025,848083.305,6,4,177.0,61,3,1,848083.28,0.025,848083.305,adamcataldo,AVRO-1408,2,2,0,2,0.0,0.0,0.0
2013-11-12T12:57:38.065+0000,113178558.76,0.043000000000000003,113178558.803,6,4,1559.0,35,12,9,113178558.76,0.043000000000000003,113178558.803,striderapache,AVRO-1401,3,4,0,4,32547928.799999997,5208730.452555556,37756659.25255556
2013-11-05T01:01:49.906+0000,156226.654,0.021,156226.67500000002,6,4,651.0,75,2,2,156226.654,0.021,156226.67500000002,hshreedharan,AVRO-1393,2,1,0,1,0.0,0.0,0.0
2013-11-04T21:27:20.293+0000,169658.65300000002,0.022000000000000002,169658.67500000002,6,8,815.0,30,4,14,169658.65300000002,0.022000000000000002,169658.67500000002,balaji.seshadri,AVRO-1392,2,1,0,1,0.0,0.0,0.0
2013-10-08T23:54:23.078+0000,710184.4650000001,37369.755000000005,747554.2200000001,6,4,493.0,51,3,11,710184.4650000001,37369.755000000005,747554.2200000001,kryzthov,AVRO-1385,2,2,0,2,0.0,0.0,0.0
2013-09-11T15:19:44.260+0000,16295877.881000001,0.031000000000000003,16295877.912,6,2,348.0,30,2,7,16295877.881000001,0.031000000000000003,16295877.912,bkwiencien@gmail.com,AVRO-1376,2,4,0,4,0.0,0.0,0.0
2013-08-14T11:44:23.503+0000,10891851.966,0.019,10891851.985000001,6,4,521.0,35,2,6,10891851.966,0.019,10891851.985000001,btibi,AVRO-1361,2,4,0,4,0.0,0.0,0.0
2013-08-12T14:06:55.128+0000,19455958.877,0.027000000000000003,19455958.904000003,6,4,1361.0,90,3,18,10577080.427666666,13624853.303666668,24201933.731333334,ramanasv,AVRO-1360,4,4,0,4,10514591.46,6812151.949333335,17326743.409333337
2013-08-01T15:39:46.629+0000,60338.171,0.023000000000000003,60338.194,2,4,113.0,44,1,1,60338.171,0.023000000000000003,60338.194,facboy,AVRO-1359,2,0,0,0,0.0,0.0,0.0
2013-07-22T17:13:07.136+0000,1912201.4360000002,0.030000000000000002,1912201.466,3,4,1026.0,73,3,4,1912201.4360000002,0.030000000000000002,1912201.466,mengxr,AVRO-1357,3,3,0,3,0.0,0.0,0.0
2013-06-20T16:29:17.709+0000,702.315,0.019,702.3340000000001,6,6,41.0,43,2,2,702.315,0.019,702.3340000000001,scott_carey,AVRO-1349,2,0,0,0,0.0,0.0,0.0
2013-06-06T17:41:12.389+0000,1208208.4000000001,1206.9080000000001,1209415.308,6,4,528.0,55,6,6,1208208.4000000001,1206.9080000000001,1209415.308,skye,AVRO-1346,3,3,0,3,1208208.4000000001,1206.9080000000001,1209415.308
2013-05-15T10:38:51.771+0000,1135264.719,106.96600000000001,1135371.685,3,2,1224.0,45,4,4,1342583.216,199.369,1342782.585,vince83,AVRO-1330,3,3,0,3,1342583.216,199.369,1342782.585
2013-05-10T15:25:10.092+0000,1549901.713,291.772,1550193.485,3,2,1365.0,43,4,4,1342583.216,199.369,1342782.585,vince83,AVRO-1328,3,3,0,3,1342583.216,199.369,1342782.585
2013-05-07T11:46:13.067+0000,1476209.3250000002,8476.485,1484685.81,2,4,449.0,49,3,4,1476209.3250000002,8476.485,1484685.81,bw123,AVRO-1324,3,3,0,3,0.0,0.0,0.0
2013-04-28T08:59:08.815+0000,135922284.069,374.42400000000004,135922658.493,6,2,316.0,46,5,11,135922284.069,374.42400000000004,135922658.493,nir.zamir,AVRO-1310,2,4,0,4,0.0,0.0,0.0
2013-04-13T00:51:31.334+0000,1182.4170000000001,0.019,1182.4360000000001,2,2,183.0,40,1,0,1182.4170000000001,0.019,1182.4360000000001,sujesh.chirackkal,AVRO-1298,2,0,0,0,0.0,0.0,0.0
2013-04-04T22:27:54.204+0000,6035720.6450000005,2246.857,6037967.502,6,4,186.0,61,4,6,13102400.331,2642.6684999999998,13105042.9995,drussel,AVRO-1290,3,4,0,4,13102400.331,2642.6684999999998,13105042.9995
2013-03-21T16:51:19.457+0000,2850684.347,0.021,2850684.3680000002,2,2,556.0,51,3,21,2850684.347,0.021,2850684.3680000002,romixlev,AVRO-1277,3,3,0,3,0.0,0.0,0.0
2013-03-06T16:47:27.034+0000,7658.8460000000005,0.05,7658.896000000001,6,4,2048.0,45,2,1,7658.8460000000005,0.05,7658.896000000001,ahanna,AVRO-1271,2,0,0,0,0.0,0.0,0.0
2013-02-28T17:19:04.554+0000,20770.012000000002,0.026000000000000002,20770.038,6,4,139.0,54,1,0,476589.3715,8378155.694000001,8854745.0655,cutting,AVRO-1264,2,0,0,0,1945819.2326000002,15084.9666,1960904.1992000001
2013-02-07T16:51:53.721+0000,67.396,0.033,67.429,2,2,1584.0,78,1,1,67.396,0.033,67.429,qwertymaniac,AVRO-1244,2,0,0,0,0.0,0.0,0.0
2013-02-01T09:43:58.638+0000,275892.054,0.033,275892.087,6,2,621.0,34,3,3,7847229.385000001,0.041,7847229.426,baunz,AVRO-1239,3,1,0,1,0.0,0.0,0.0
2013-02-01T05:53:18.677+0000,9704672.041000001,9187.972,9713860.013,2,4,338.0,35,4,7,18690591.9305,2365054.4775,21055646.408,mic159,AVRO-1238,3,4,0,4,0.0,0.0,0.0
2013-02-01T05:36:50.815+0000,27676511.82,4720920.983,32397432.803000003,6,4,241.0,54,5,10,18690591.9305,2365054.4775,21055646.408,mic159,AVRO-1237,3,4,4,4,0.0,0.0,0.0
2013-01-05T20:12:30.141+0000,3469124.296,0.030000000000000002,3469124.3260000004,6,0,381.0,30,2,1,3469124.296,0.030000000000000002,3469124.3260000004,logicnut,AVRO-1224,2,3,0,3,1945819.2326000002,15084.9666,1960904.1992000001
2012-12-07T20:40:18.648+0000,130928347.001,680.7940000000001,130929027.795,6,4,2130.0,39,4,8,130928347.001,680.7940000000001,130929027.795,pjacobs,AVRO-1216,3,4,0,4,50233667.86533334,14485.270333333336,50248153.13566667
2012-11-30T09:04:00.765+0000,156644944.499,708.101,156645652.60000002,2,8,310.0,33,12,11,156644944.499,708.101,156645652.60000002,saden1,AVRO-1213,3,4,0,4,156644944.499,708.101,156645652.60000002
2012-11-05T21:41:24.616+0000,170447876.639,0.029,170447876.668,6,4,976.0,38,2,2,170447876.639,0.029,170447876.668,kehli,AVRO-1191,3,4,0,4,0.0,0.0,0.0
2012-11-05T01:35:49.844+0000,54111807.72400001,0.037000000000000005,54111807.761,6,4,348.0,30,2,2,98563990.93650001,0.036000000000000004,98563990.97250001,tlipcon,AVRO-1189,3,4,0,4,98563990.93650001,0.036000000000000004,98563990.97250001
2012-10-23T08:18:42.990+0000,20169080.017,3038.48,20172118.497,6,4,279.0,80,5,5,13102400.331,2642.6684999999998,13105042.9995,drussel,AVRO-1181,3,4,0,4,13102400.331,2642.6684999999998,13105042.9995
2012-10-17T07:46:52.497+0000,11573666.286,0.033,11573666.319,6,4,518.0,78,4,5,11573666.286,0.033,11573666.319,viji_r,AVRO-1179,2,4,0,4,0.0,0.0,0.0
2012-09-25T11:29:06.056+0000,23490562.022,3606.4930000000004,23494168.515,6,4,2092.0,47,4,7,23490562.022,3606.4930000000004,23494168.515,sjoverend,AVRO-1172,3,4,0,4,23490562.022,3606.4930000000004,23494168.515
2012-09-07T20:12:36.541+0000,13645875.242,0.028,13645875.270000001,6,4,728.0,55,3,3,13645875.242,0.028,13645875.270000001,netvisao,AVRO-1148,3,4,0,4,0.0,0.0,0.0
2012-04-18T04:07:32.179+0000,163156044.391,0.041,163156044.432,6,4,272.0,77,2,4,163156044.391,0.041,163156044.432,kevinzhao,AVRO-1064,3,4,0,4,0.0,0.0,0.0
2012-03-20T21:54:00.428+0000,180877009.323,5233.637000000001,180882242.96,6,4,335.0,67,12,12,180877009.323,5233.637000000001,180882242.96,gwu,AVRO-1047,2,4,0,4,10537313.020615386,6116669.306807693,16653982.327423079
2012-02-22T15:34:05.591+0000,30270899.396,63906.683000000005,30334806.079000004,3,4,934.0,54,3,3,30270899.396,63906.683000000005,30334806.079000004,detonator413,AVRO-1035,2,4,0,4,0.0,0.0,0.0
2012-02-13T04:39:46.969+0000,121070860.282,0.054000000000000006,121070860.33600001,1,4,333.0,61,1,4,121070860.282,0.054000000000000006,121070860.33600001,menghaocheng,AVRO-1029,2,4,0,4,0.0,0.0,0.0
2010-11-15T16:01:16.143+0000,164690229.903,99316.61,164789546.513,3,4,1053.0,23,10,33,164690229.903,99316.61,164789546.513,mcherri,AVRO-695,3,4,1,4,12341942.898937501,2615931.2208749996,14957874.119812502
2010-08-05T04:28:22.005+0000,191965928.86200002,68701.769,192034630.631,6,8,207.0,38,12,37,191965928.86200002,68701.769,192034630.631,stephentu,AVRO-607,3,4,0,4,191965928.86200002,68701.769,192034630.631
2010-06-14T04:32:54.901+0000,82276219.649,0.02,82276219.669,6,4,114.0,90,5,4,82276219.649,0.02,82276219.669,tomwhite,AVRO-575,2,4,0,4,0.0,0.0,0.0
2010-04-22T18:06:48.776+0000,169002362.025,19.42,169002381.44500002,6,4,472.0,60,2,2,169006106.746,9.720500000000001,169006116.4665,jplevyak,AVRO-523,2,4,0,4,91470121.14375001,850.7680000000001,91470971.91175002
2010-04-22T16:45:04.878+0000,169009851.467,0.021,169009851.488,6,4,171.0,62,2,1,169006106.746,9.720500000000001,169006116.4665,jplevyak,AVRO-522,2,4,0,4,91470121.14375001,850.7680000000001,91470971.91175002
2010-01-11T01:56:55.663+0000,143016174.14900002,0.035,143016174.18400002,3,4,143.0,24,4,3,98563990.93650001,0.036000000000000004,98563990.97250001,tlipcon,AVRO-305,2,4,0,4,98563990.93650001,0.036000000000000004,98563990.97250001
2009-11-20T07:53:49.092+0000,184249245.01000002,0.028,184249245.03800002,3,4,1036.0,47,3,8,184249245.01000002,0.028,184249245.03800002,massie,AVRO-230,2,4,0,4,184249245.01000002,0.028,184249245.03800002
